name,type,period,lat,lon,source,osm_id,accuracy_level,discovery_year,notes,wikipedia,wikidata
Bunut Bolong,objek_wisata,unknown,-8.38677,114.87353,Wikidata SPARQL (Q116266150),,wikidata_p625,,,https://www.wikidata.org/wiki/Q116266150,Q116266150
Candi Badut,situs_arkeologi,unknown,-7.95776,112.59857,Wikidata SPARQL (Q3517536),,wikidata_p625,,,https://www.wikidata.org/wiki/Q3517536,Q3517536
Candi Jago,kuil,unknown,-8.00579,112.76405,Wikidata SPARQL (Q12091291),,wikidata_p625,,,https://www.wikidata.org/wiki/Q12091291,Q12091291
Candi Penataran,situs_arkeologi,unknown,-8.01611111,112.20916667,Wikidata SPARQL (Q2491478),,wikidata_p625,,,https://www.wikidata.org/wiki/Q2491478,Q2491478
Candi Sukuh,kuil,unknown,-7.6274,111.13118,Wikidata SPARQL (Q3101506),,wikidata_p625,,,https://www.wikidata.org/wiki/Q3101506,Q3101506
Candi Sumberawan,kuil,unknown,-7.85722,112.652,Wikidata SPARQL (Q11124430),,wikidata_p625,,,https://www.wikidata.org/wiki/Q11124430,Q11124430
Candi Wayang,kuil,unknown,-7.605485,112.621598,Wikidata SPARQL (Q137690757),,wikidata_p625,,,https://www.wikidata.org/wiki/Q137690757,Q137690757
Florawisata Santerra de Laponte,objek_wisata,2019-01-01T00:00:00Z,-7.854189165,112.485567001,Wikidata SPARQL (Q135989796),,wikidata_p625,,,https://www.wikidata.org/wiki/Q135989796,Q135989796
Kampung Tridi,objek_wisata,unknown,-7.98175,112.63794,Wikidata SPARQL (Q124801185),,wikidata_p625,,,https://www.wikidata.org/wiki/Q124801185,Q124801185
Kolam Segaran,situs_arkeologi,unknown,-7.558,112.3829,Wikidata SPARQL (Q25259415),,wikidata_p625,,,https://www.wikidata.org/wiki/Q25259415,Q25259415
Museum Manusia Purba Gilimanuk,objek_wisata,1994-01-01T00:00:00Z,-8.16745,114.44061,Wikidata SPARQL (Q108945830),,wikidata_p625,,,https://www.wikidata.org/wiki/Q108945830,Q108945830
Petirtaan Belahan,kuil,unknown,-7.607426,112.6516,Wikidata SPARQL (Q3517537),,wikidata_p625,,,https://www.wikidata.org/wiki/Q3517537,Q3517537
Pura Luhur Ponten,kuil,unknown,-7.933333333,112.954166666,Wikidata SPARQL (Q56414767),,wikidata_p625,,,https://www.wikidata.org/wiki/Q56414767,Q56414767
Pura Mandhara Giri Semeru Agung,kuil,unknown,-8.090833333,113.088333333,Wikidata SPARQL (Q102442389),,wikidata_p625,,,https://www.wikidata.org/wiki/Q102442389,Q102442389
Pura Melanting,kuil,unknown,-8.160244,114.68078,Wikidata SPARQL (Q125657936),,wikidata_p625,,,https://www.wikidata.org/wiki/Q125657936,Q125657936
Rembangan,objek_wisata,unknown,-8.07817222,113.69045,Wikidata SPARQL (Q15896852),,wikidata_p625,,,https://www.wikidata.org/wiki/Q15896852,Q15896852
Situs Menggung,situs_arkeologi,unknown,-7.67177,111.13019,Wikidata SPARQL (Q97219273),,wikidata_p625,,,https://www.wikidata.org/wiki/Q97219273,Q97219273
Situs Plangatan,situs_arkeologi,unknown,-7.63508,111.13254,Wikidata SPARQL (Q106309212),,wikidata_p625,,,https://www.wikidata.org/wiki/Q106309212,Q106309212
Taman Nasional Bali Barat,objek_wisata,1995-01-01T00:00:00Z,-8.15,114.5,Wikidata SPARQL (Q1381311),,wikidata_p625,,,https://www.wikidata.org/wiki/Q1381311,Q1381311
Trinil,situs_arkeologi,unknown,-7.3743,111.3578,Wikidata SPARQL (Q1318724),,wikidata_p625,,,https://www.wikidata.org/wiki/Q1318724,Q1318724
Trowulan,situs_arkeologi,unknown,-7.55,112.366667,Wikidata SPARQL (Q962410),,wikidata_p625,,,https://www.wikidata.org/wiki/Q962410,Q962410
Tumpak Sewu,objek_wisata,unknown,-8.230408,112.916939,Wikidata SPARQL (Q26246069),,wikidata_p625,,,https://www.wikidata.org/wiki/Q26246069,Q26246069
Candi Bahal,unknown,unknown,,,Wikipedia (id): Daftar_candi_di_Indonesia,,no_coords,,List item from https://id.wikipedia.org/wiki/Daftar_candi_di_Indonesia,https://id.wikipedia.org/wiki/Daftar_candi_di_Indonesia,
Candi Bara,unknown,unknown,,,Wikipedia (id): Daftar_candi_di_Indonesia,,no_coords,,List item from https://id.wikipedia.org/wiki/Daftar_candi_di_Indonesia,https://id.wikipedia.org/wiki/Daftar_candi_di_Indonesia,
Candi Pulo,unknown,unknown,,,Wikipedia (id): Daftar_candi_di_Indonesia,,no_coords,,List item from https://id.wikipedia.org/wiki/Daftar_candi_di_Indonesia,https://id.wikipedia.org/wiki/Daftar_candi_di_Indonesia,
Candi Sitopayan,unknown,unknown,,,Wikipedia (id): Daftar_candi_di_Indonesia,,no_coords,,List item from https://id.wikipedia.org/wiki/Daftar_candi_di_Indonesia,https://id.wikipedia.org/wiki/Daftar_candi_di_Indonesia,
Candi Aek Haruaya,unknown,unknown,,,Wikipedia (id): Daftar_candi_di_Indonesia,,no_coords,,List item from https://id.wikipedia.org/wiki/Daftar_candi_di_Indonesia,https://id.wikipedia.org/wiki/Daftar_candi_di_Indonesia,
Situs Mangaledang,unknown,unknown,,,Wikipedia (id): Daftar_candi_di_Indonesia,,no_coords,,List item from https://id.wikipedia.org/wiki/Daftar_candi_di_Indonesia,https://id.wikipedia.org/wiki/Daftar_candi_di_Indonesia,
Situs Naga Saribu,unknown,unknown,,,Wikipedia (id): Daftar_candi_di_Indonesia,,no_coords,,List item from https://id.wikipedia.org/wiki/Daftar_candi_di_Indonesia,https://id.wikipedia.org/wiki/Daftar_candi_di_Indonesia,
Candi Sipamutung,unknown,unknown,,,Wikipedia (id): Daftar_candi_di_Indonesia,,no_coords,,List item from https://id.wikipedia.org/wiki/Daftar_candi_di_Indonesia,https://id.wikipedia.org/wiki/Daftar_candi_di_Indonesia,
Situs Aek Tunjang,unknown,unknown,,,Wikipedia (id): Daftar_candi_di_Indonesia,,no_coords,,List item from https://id.wikipedia.org/wiki/Daftar_candi_di_Indonesia,https://id.wikipedia.org/wiki/Daftar_candi_di_Indonesia,
Candi Tandihat,unknown,unknown,,,Wikipedia (id): Daftar_candi_di_Indonesia,,no_coords,,List item from https://id.wikipedia.org/wiki/Daftar_candi_di_Indonesia,https://id.wikipedia.org/wiki/Daftar_candi_di_Indonesia,
Situs Aek Linta,unknown,unknown,,,Wikipedia (id): Daftar_candi_di_Indonesia,,no_coords,,List item from https://id.wikipedia.org/wiki/Daftar_candi_di_Indonesia,https://id.wikipedia.org/wiki/Daftar_candi_di_Indonesia,
Candi Sangkilon,unknown,unknown,,,Wikipedia (id): Daftar_candi_di_Indonesia,,no_coords,,List item from https://id.wikipedia.org/wiki/Daftar_candi_di_Indonesia,https://id.wikipedia.org/wiki/Daftar_candi_di_Indonesia,
Candi Padang Roco,unknown,unknown,,,Wikipedia (id): Daftar_candi_di_Indonesia,,no_coords,,List item from https://id.wikipedia.org/wiki/Daftar_candi_di_Indonesia,https://id.wikipedia.org/wiki/Daftar_candi_di_Indonesia,
Candi Pulau Sawah,unknown,unknown,,,Wikipedia (id): Daftar_candi_di_Indonesia,,no_coords,,List item from https://id.wikipedia.org/wiki/Daftar_candi_di_Indonesia,https://id.wikipedia.org/wiki/Daftar_candi_di_Indonesia,
Candi Pulau Sawah I,unknown,unknown,,,Wikipedia (id): Daftar_candi_di_Indonesia,,no_coords,,List item from https://id.wikipedia.org/wiki/Daftar_candi_di_Indonesia,https://id.wikipedia.org/wiki/Daftar_candi_di_Indonesia,
Candi Pulau Sawah II,unknown,unknown,,,Wikipedia (id): Daftar_candi_di_Indonesia,,no_coords,,List item from https://id.wikipedia.org/wiki/Daftar_candi_di_Indonesia,https://id.wikipedia.org/wiki/Daftar_candi_di_Indonesia,
Candi Bukik Awang Maombiak,unknown,unknown,,,Wikipedia (id): Daftar_candi_di_Indonesia,,no_coords,,List item from https://id.wikipedia.org/wiki/Daftar_candi_di_Indonesia,https://id.wikipedia.org/wiki/Daftar_candi_di_Indonesia,
Candi Tanjungmedan,unknown,unknown,,,Wikipedia (id): Daftar_candi_di_Indonesia,,no_coords,,List item from https://id.wikipedia.org/wiki/Daftar_candi_di_Indonesia,https://id.wikipedia.org/wiki/Daftar_candi_di_Indonesia,
Candi Koto Rao,unknown,unknown,,,Wikipedia (id): Daftar_candi_di_Indonesia,,no_coords,,List item from https://id.wikipedia.org/wiki/Daftar_candi_di_Indonesia,https://id.wikipedia.org/wiki/Daftar_candi_di_Indonesia,
Candi Muaro Jambi,unknown,unknown,,,Wikipedia (id): Daftar_candi_di_Indonesia,,no_coords,,List item from https://id.wikipedia.org/wiki/Daftar_candi_di_Indonesia,https://id.wikipedia.org/wiki/Daftar_candi_di_Indonesia,
Situs Orang Kayu Hitam,unknown,unknown,,,Wikipedia (id): Daftar_candi_di_Indonesia,,no_coords,,List item from https://id.wikipedia.org/wiki/Daftar_candi_di_Indonesia,https://id.wikipedia.org/wiki/Daftar_candi_di_Indonesia,
Candi Satu,unknown,unknown,,,Wikipedia (id): Daftar_candi_di_Indonesia,,no_coords,,List item from https://id.wikipedia.org/wiki/Daftar_candi_di_Indonesia,https://id.wikipedia.org/wiki/Daftar_candi_di_Indonesia,
Candi Muara Takus,unknown,unknown,,,Wikipedia (id): Daftar_candi_di_Indonesia,,no_coords,,List item from https://id.wikipedia.org/wiki/Daftar_candi_di_Indonesia,https://id.wikipedia.org/wiki/Daftar_candi_di_Indonesia,
Candi Muara Guru,unknown,unknown,,,Wikipedia (id): Daftar_candi_di_Indonesia,,no_coords,,List item from https://id.wikipedia.org/wiki/Daftar_candi_di_Indonesia,https://id.wikipedia.org/wiki/Daftar_candi_di_Indonesia,
Candi Angsoka,unknown,unknown,,,Wikipedia (id): Daftar_candi_di_Indonesia,,no_coords,,List item from https://id.wikipedia.org/wiki/Daftar_candi_di_Indonesia,https://id.wikipedia.org/wiki/Daftar_candi_di_Indonesia,
Candi Lesung Batu,unknown,unknown,,,Wikipedia (id): Daftar_candi_di_Indonesia,,no_coords,,List item from https://id.wikipedia.org/wiki/Daftar_candi_di_Indonesia,https://id.wikipedia.org/wiki/Daftar_candi_di_Indonesia,
Candi Bumi Ayu,unknown,unknown,,,Wikipedia (id): Daftar_candi_di_Indonesia,,no_coords,,List item from https://id.wikipedia.org/wiki/Daftar_candi_di_Indonesia,https://id.wikipedia.org/wiki/Daftar_candi_di_Indonesia,
Situs Rimba Candi,unknown,unknown,,,Wikipedia (id): Daftar_candi_di_Indonesia,,no_coords,,List item from https://id.wikipedia.org/wiki/Daftar_candi_di_Indonesia,https://id.wikipedia.org/wiki/Daftar_candi_di_Indonesia,
Candi Jepara,unknown,unknown,,,Wikipedia (id): Daftar_candi_di_Indonesia,,no_coords,,List item from https://id.wikipedia.org/wiki/Daftar_candi_di_Indonesia,https://id.wikipedia.org/wiki/Daftar_candi_di_Indonesia,
Candi Kota Kapur,unknown,unknown,,,Wikipedia (id): Daftar_candi_di_Indonesia,,no_coords,,List item from https://id.wikipedia.org/wiki/Daftar_candi_di_Indonesia,https://id.wikipedia.org/wiki/Daftar_candi_di_Indonesia,
Candi Cangkuang,unknown,unknown,,,Wikipedia (id): Daftar_candi_di_Indonesia,,no_coords,,List item from https://id.wikipedia.org/wiki/Daftar_candi_di_Indonesia,https://id.wikipedia.org/wiki/Daftar_candi_di_Indonesia,
Situs Batujaya,unknown,unknown,,,Wikipedia (id): Daftar_candi_di_Indonesia,,no_coords,,List item from https://id.wikipedia.org/wiki/Daftar_candi_di_Indonesia,https://id.wikipedia.org/wiki/Daftar_candi_di_Indonesia,
Candi Jiwa,unknown,unknown,,,Wikipedia (id): Daftar_candi_di_Indonesia,,no_coords,,List item from https://id.wikipedia.org/wiki/Daftar_candi_di_Indonesia,https://id.wikipedia.org/wiki/Daftar_candi_di_Indonesia,
Candi Blandongan,unknown,unknown,,,Wikipedia (id): Daftar_candi_di_Indonesia,,no_coords,,List item from https://id.wikipedia.org/wiki/Daftar_candi_di_Indonesia,https://id.wikipedia.org/wiki/Daftar_candi_di_Indonesia,
Situs Cibuaya,unknown,unknown,,,Wikipedia (id): Daftar_candi_di_Indonesia,,no_coords,,List item from https://id.wikipedia.org/wiki/Daftar_candi_di_Indonesia,https://id.wikipedia.org/wiki/Daftar_candi_di_Indonesia,
Situs Lingga Yoni,unknown,unknown,,,Wikipedia (id): Daftar_candi_di_Indonesia,,no_coords,,List item from https://id.wikipedia.org/wiki/Daftar_candi_di_Indonesia,https://id.wikipedia.org/wiki/Daftar_candi_di_Indonesia,
Candi Bojongmenje,unknown,unknown,,,Wikipedia (id): Daftar_candi_di_Indonesia,,no_coords,,List item from https://id.wikipedia.org/wiki/Daftar_candi_di_Indonesia,https://id.wikipedia.org/wiki/Daftar_candi_di_Indonesia,
Candi Bojongemas,unknown,unknown,,,Wikipedia (id): Daftar_candi_di_Indonesia,,no_coords,,List item from https://id.wikipedia.org/wiki/Daftar_candi_di_Indonesia,https://id.wikipedia.org/wiki/Daftar_candi_di_Indonesia,
Situs Batu Kalde,unknown,unknown,,,Wikipedia (id): Daftar_candi_di_Indonesia,,no_coords,,List item from https://id.wikipedia.org/wiki/Daftar_candi_di_Indonesia,https://id.wikipedia.org/wiki/Daftar_candi_di_Indonesia,
Situs Karangkamulyan,unknown,unknown,,,Wikipedia (id): Daftar_candi_di_Indonesia,,no_coords,,List item from https://id.wikipedia.org/wiki/Daftar_candi_di_Indonesia,https://id.wikipedia.org/wiki/Daftar_candi_di_Indonesia,
Situs Mangunjaya,unknown,unknown,,,Wikipedia (id): Daftar_candi_di_Indonesia,,no_coords,,List item from https://id.wikipedia.org/wiki/Daftar_candi_di_Indonesia,https://id.wikipedia.org/wiki/Daftar_candi_di_Indonesia,
Situs Rajegwesi,unknown,unknown,,,Wikipedia (id): Daftar_candi_di_Indonesia,,no_coords,,List item from https://id.wikipedia.org/wiki/Daftar_candi_di_Indonesia,https://id.wikipedia.org/wiki/Daftar_candi_di_Indonesia,
Candi Borobudur,unknown,unknown,,,Wikipedia (id): Daftar_candi_di_Indonesia,,no_coords,,List item from https://id.wikipedia.org/wiki/Daftar_candi_di_Indonesia,https://id.wikipedia.org/wiki/Daftar_candi_di_Indonesia,
Candi Mendut,unknown,unknown,,,Wikipedia (id): Daftar_candi_di_Indonesia,,no_coords,,List item from https://id.wikipedia.org/wiki/Daftar_candi_di_Indonesia,https://id.wikipedia.org/wiki/Daftar_candi_di_Indonesia,
Candi Pawon,unknown,unknown,,,Wikipedia (id): Daftar_candi_di_Indonesia,,no_coords,,List item from https://id.wikipedia.org/wiki/Daftar_candi_di_Indonesia,https://id.wikipedia.org/wiki/Daftar_candi_di_Indonesia,
Candi Ngawen,unknown,unknown,,,Wikipedia (id): Daftar_candi_di_Indonesia,,no_coords,,List item from https://id.wikipedia.org/wiki/Daftar_candi_di_Indonesia,https://id.wikipedia.org/wiki/Daftar_candi_di_Indonesia,
Candi Asu,unknown,unknown,,,Wikipedia (id): Daftar_candi_di_Indonesia,,no_coords,,List item from https://id.wikipedia.org/wiki/Daftar_candi_di_Indonesia,https://id.wikipedia.org/wiki/Daftar_candi_di_Indonesia,
Candi Lumbung (Sengi),unknown,unknown,,,Wikipedia (id): Daftar_candi_di_Indonesia,,no_coords,,List item from https://id.wikipedia.org/wiki/Daftar_candi_di_Indonesia,https://id.wikipedia.org/wiki/Daftar_candi_di_Indonesia,
Candi Pendem,unknown,unknown,,,Wikipedia (id): Daftar_candi_di_Indonesia,,no_coords,,List item from https://id.wikipedia.org/wiki/Daftar_candi_di_Indonesia,https://id.wikipedia.org/wiki/Daftar_candi_di_Indonesia,
Candi Canggal,unknown,unknown,,,Wikipedia (id): Daftar_candi_di_Indonesia,,no_coords,,List item from https://id.wikipedia.org/wiki/Daftar_candi_di_Indonesia,https://id.wikipedia.org/wiki/Daftar_candi_di_Indonesia,
Candi Selogriyo,unknown,unknown,,,Wikipedia (id): Daftar_candi_di_Indonesia,,no_coords,,List item from https://id.wikipedia.org/wiki/Daftar_candi_di_Indonesia,https://id.wikipedia.org/wiki/Daftar_candi_di_Indonesia,
Candi Losari,unknown,unknown,,,Wikipedia (id): Daftar_candi_di_Indonesia,,no_coords,,List item from https://id.wikipedia.org/wiki/Daftar_candi_di_Indonesia,https://id.wikipedia.org/wiki/Daftar_candi_di_Indonesia,
Candi Gunungsari,unknown,unknown,,,Wikipedia (id): Daftar_candi_di_Indonesia,,no_coords,,List item from https://id.wikipedia.org/wiki/Daftar_candi_di_Indonesia,https://id.wikipedia.org/wiki/Daftar_candi_di_Indonesia,
Candi Umbul,unknown,unknown,,,Wikipedia (id): Daftar_candi_di_Indonesia,,no_coords,,List item from https://id.wikipedia.org/wiki/Daftar_candi_di_Indonesia,https://id.wikipedia.org/wiki/Daftar_candi_di_Indonesia,
Candi Bubrah (Klaten),unknown,unknown,,,Wikipedia (id): Daftar_candi_di_Indonesia,,no_coords,,List item from https://id.wikipedia.org/wiki/Daftar_candi_di_Indonesia,https://id.wikipedia.org/wiki/Daftar_candi_di_Indonesia,
Candi Prambanan,unknown,unknown,,,Wikipedia (id): Daftar_candi_di_Indonesia,,no_coords,,List item from https://id.wikipedia.org/wiki/Daftar_candi_di_Indonesia,https://id.wikipedia.org/wiki/Daftar_candi_di_Indonesia,
Candi Plaosan,unknown,unknown,,,Wikipedia (id): Daftar_candi_di_Indonesia,,no_coords,,List item from https://id.wikipedia.org/wiki/Daftar_candi_di_Indonesia,https://id.wikipedia.org/wiki/Daftar_candi_di_Indonesia,
Candi Plaosan Kidul,unknown,unknown,,,Wikipedia (id): Daftar_candi_di_Indonesia,,no_coords,,List item from https://id.wikipedia.org/wiki/Daftar_candi_di_Indonesia,https://id.wikipedia.org/wiki/Daftar_candi_di_Indonesia,
Candi Sewu,unknown,unknown,,,Wikipedia (id): Daftar_candi_di_Indonesia,,no_coords,,List item from https://id.wikipedia.org/wiki/Daftar_candi_di_Indonesia,https://id.wikipedia.org/wiki/Daftar_candi_di_Indonesia,
Candi Lumbung,unknown,unknown,,,Wikipedia (id): Daftar_candi_di_Indonesia,,no_coords,,List item from https://id.wikipedia.org/wiki/Daftar_candi_di_Indonesia,https://id.wikipedia.org/wiki/Daftar_candi_di_Indonesia,
Candi Sojiwan,unknown,unknown,,,Wikipedia (id): Daftar_candi_di_Indonesia,,no_coords,,List item from https://id.wikipedia.org/wiki/Daftar_candi_di_Indonesia,https://id.wikipedia.org/wiki/Daftar_candi_di_Indonesia,
Candi Karangnongko,unknown,unknown,,,Wikipedia (id): Daftar_candi_di_Indonesia,,no_coords,,List item from https://id.wikipedia.org/wiki/Daftar_candi_di_Indonesia,https://id.wikipedia.org/wiki/Daftar_candi_di_Indonesia,
Candi Merak,unknown,unknown,,,Wikipedia (id): Daftar_candi_di_Indonesia,,no_coords,,List item from https://id.wikipedia.org/wiki/Daftar_candi_di_Indonesia,https://id.wikipedia.org/wiki/Daftar_candi_di_Indonesia,
Situs Kunden,unknown,unknown,,,Wikipedia (id): Daftar_candi_di_Indonesia,,no_coords,,List item from https://id.wikipedia.org/wiki/Daftar_candi_di_Indonesia,https://id.wikipedia.org/wiki/Daftar_candi_di_Indonesia,
Candi Sukuh,unknown,unknown,,,Wikipedia (id): Daftar_candi_di_Indonesia,,no_coords,,List item from https://id.wikipedia.org/wiki/Daftar_candi_di_Indonesia,https://id.wikipedia.org/wiki/Daftar_candi_di_Indonesia,
Candi Cetho,unknown,unknown,,,Wikipedia (id): Daftar_candi_di_Indonesia,,no_coords,,List item from https://id.wikipedia.org/wiki/Daftar_candi_di_Indonesia,https://id.wikipedia.org/wiki/Daftar_candi_di_Indonesia,
Candi Kethek,unknown,unknown,,,Wikipedia (id): Daftar_candi_di_Indonesia,,no_coords,,List item from https://id.wikipedia.org/wiki/Daftar_candi_di_Indonesia,https://id.wikipedia.org/wiki/Daftar_candi_di_Indonesia,
Candi Planggatan,unknown,unknown,,,Wikipedia (id): Daftar_candi_di_Indonesia,,no_coords,,List item from https://id.wikipedia.org/wiki/Daftar_candi_di_Indonesia,https://id.wikipedia.org/wiki/Daftar_candi_di_Indonesia,
Situs Menggung,unknown,unknown,,,Wikipedia (id): Daftar_candi_di_Indonesia,,no_coords,,List item from https://id.wikipedia.org/wiki/Daftar_candi_di_Indonesia,https://id.wikipedia.org/wiki/Daftar_candi_di_Indonesia,
Arca Nandi Colomadu,unknown,unknown,,,Wikipedia (id): Daftar_candi_di_Indonesia,,no_coords,,List item from https://id.wikipedia.org/wiki/Daftar_candi_di_Indonesia,https://id.wikipedia.org/wiki/Daftar_candi_di_Indonesia,
Candi Dukuh,unknown,unknown,,,Wikipedia (id): Daftar_candi_di_Indonesia,,no_coords,,List item from https://id.wikipedia.org/wiki/Daftar_candi_di_Indonesia,https://id.wikipedia.org/wiki/Daftar_candi_di_Indonesia,
Candi Gedong Songo,unknown,unknown,,,Wikipedia (id): Daftar_candi_di_Indonesia,,no_coords,,List item from https://id.wikipedia.org/wiki/Daftar_candi_di_Indonesia,https://id.wikipedia.org/wiki/Daftar_candi_di_Indonesia,
Candi Klero,unknown,unknown,,,Wikipedia (id): Daftar_candi_di_Indonesia,,no_coords,,List item from https://id.wikipedia.org/wiki/Daftar_candi_di_Indonesia,https://id.wikipedia.org/wiki/Daftar_candi_di_Indonesia,
Candi Ngempon,unknown,unknown,,,Wikipedia (id): Daftar_candi_di_Indonesia,,no_coords,,List item from https://id.wikipedia.org/wiki/Daftar_candi_di_Indonesia,https://id.wikipedia.org/wiki/Daftar_candi_di_Indonesia,
Kompleks Candi Dieng,unknown,unknown,,,Wikipedia (id): Daftar_candi_di_Indonesia,,no_coords,,List item from https://id.wikipedia.org/wiki/Daftar_candi_di_Indonesia,https://id.wikipedia.org/wiki/Daftar_candi_di_Indonesia,
Candi Arjuna,unknown,unknown,,,Wikipedia (id): Daftar_candi_di_Indonesia,,no_coords,,List item from https://id.wikipedia.org/wiki/Daftar_candi_di_Indonesia,https://id.wikipedia.org/wiki/Daftar_candi_di_Indonesia,
Candi Puntadewa,unknown,unknown,,,Wikipedia (id): Daftar_candi_di_Indonesia,,no_coords,,List item from https://id.wikipedia.org/wiki/Daftar_candi_di_Indonesia,https://id.wikipedia.org/wiki/Daftar_candi_di_Indonesia,
Candi Semar,unknown,unknown,,,Wikipedia (id): Daftar_candi_di_Indonesia,,no_coords,,List item from https://id.wikipedia.org/wiki/Daftar_candi_di_Indonesia,https://id.wikipedia.org/wiki/Daftar_candi_di_Indonesia,
Candi Srikandi,unknown,unknown,,,Wikipedia (id): Daftar_candi_di_Indonesia,,no_coords,,List item from https://id.wikipedia.org/wiki/Daftar_candi_di_Indonesia,https://id.wikipedia.org/wiki/Daftar_candi_di_Indonesia,
Candi Sembadra,unknown,unknown,,,Wikipedia (id): Daftar_candi_di_Indonesia,,no_coords,,List item from https://id.wikipedia.org/wiki/Daftar_candi_di_Indonesia,https://id.wikipedia.org/wiki/Daftar_candi_di_Indonesia,
Candi Gatotkaca,unknown,unknown,,,Wikipedia (id): Daftar_candi_di_Indonesia,,no_coords,,List item from https://id.wikipedia.org/wiki/Daftar_candi_di_Indonesia,https://id.wikipedia.org/wiki/Daftar_candi_di_Indonesia,
Candi Setyaki,unknown,unknown,,,Wikipedia (id): Daftar_candi_di_Indonesia,,no_coords,,List item from https://id.wikipedia.org/wiki/Daftar_candi_di_Indonesia,https://id.wikipedia.org/wiki/Daftar_candi_di_Indonesia,
Candi Bima,unknown,unknown,,,Wikipedia (id): Daftar_candi_di_Indonesia,,no_coords,,List item from https://id.wikipedia.org/wiki/Daftar_candi_di_Indonesia,https://id.wikipedia.org/wiki/Daftar_candi_di_Indonesia,
Candi Dwarawati,unknown,unknown,,,Wikipedia (id): Daftar_candi_di_Indonesia,,no_coords,,List item from https://id.wikipedia.org/wiki/Daftar_candi_di_Indonesia,https://id.wikipedia.org/wiki/Daftar_candi_di_Indonesia,
Candi Bogang,unknown,unknown,,,Wikipedia (id): Daftar_candi_di_Indonesia,,no_coords,,List item from https://id.wikipedia.org/wiki/Daftar_candi_di_Indonesia,https://id.wikipedia.org/wiki/Daftar_candi_di_Indonesia,
Candi Pringapus,unknown,unknown,,,Wikipedia (id): Daftar_candi_di_Indonesia,,no_coords,,List item from https://id.wikipedia.org/wiki/Daftar_candi_di_Indonesia,https://id.wikipedia.org/wiki/Daftar_candi_di_Indonesia,
Candi Gondosuli,unknown,unknown,,,Wikipedia (id): Daftar_candi_di_Indonesia,,no_coords,,List item from https://id.wikipedia.org/wiki/Daftar_candi_di_Indonesia,https://id.wikipedia.org/wiki/Daftar_candi_di_Indonesia,
Situs Liyangan,unknown,unknown,,,Wikipedia (id): Daftar_candi_di_Indonesia,,no_coords,,List item from https://id.wikipedia.org/wiki/Daftar_candi_di_Indonesia,https://id.wikipedia.org/wiki/Daftar_candi_di_Indonesia,
Candi Bulus,unknown,unknown,,,Wikipedia (id): Daftar_candi_di_Indonesia,,no_coords,,List item from https://id.wikipedia.org/wiki/Daftar_candi_di_Indonesia,https://id.wikipedia.org/wiki/Daftar_candi_di_Indonesia,
Candi Kesuben,unknown,unknown,,,Wikipedia (id): Daftar_candi_di_Indonesia,,no_coords,,List item from https://id.wikipedia.org/wiki/Daftar_candi_di_Indonesia,https://id.wikipedia.org/wiki/Daftar_candi_di_Indonesia,
Candi Sari Cepogo,unknown,unknown,,,Wikipedia (id): Daftar_candi_di_Indonesia,,no_coords,,List item from https://id.wikipedia.org/wiki/Daftar_candi_di_Indonesia,https://id.wikipedia.org/wiki/Daftar_candi_di_Indonesia,
Candi Lawang,unknown,unknown,,,Wikipedia (id): Daftar_candi_di_Indonesia,,no_coords,,List item from https://id.wikipedia.org/wiki/Daftar_candi_di_Indonesia,https://id.wikipedia.org/wiki/Daftar_candi_di_Indonesia,
Situs Sumur Pitu,unknown,unknown,,,Wikipedia (id): Daftar_candi_di_Indonesia,,no_coords,,List item from https://id.wikipedia.org/wiki/Daftar_candi_di_Indonesia,https://id.wikipedia.org/wiki/Daftar_candi_di_Indonesia,
Situs Sumur Songo,unknown,unknown,,,Wikipedia (id): Daftar_candi_di_Indonesia,,no_coords,,List item from https://id.wikipedia.org/wiki/Daftar_candi_di_Indonesia,https://id.wikipedia.org/wiki/Daftar_candi_di_Indonesia,
Candi Watugenuk,unknown,unknown,,,Wikipedia (id): Daftar_candi_di_Indonesia,,no_coords,,List item from https://id.wikipedia.org/wiki/Daftar_candi_di_Indonesia,https://id.wikipedia.org/wiki/Daftar_candi_di_Indonesia,
Candi Miyono,unknown,unknown,,,Wikipedia (id): Daftar_candi_di_Indonesia,,no_coords,,List item from https://id.wikipedia.org/wiki/Daftar_candi_di_Indonesia,https://id.wikipedia.org/wiki/Daftar_candi_di_Indonesia,
Candi Sentono,unknown,unknown,,,Wikipedia (id): Daftar_candi_di_Indonesia,,no_coords,,List item from https://id.wikipedia.org/wiki/Daftar_candi_di_Indonesia,https://id.wikipedia.org/wiki/Daftar_candi_di_Indonesia,
Candi Bubrah (Jepara),unknown,unknown,,,Wikipedia (id): Daftar_candi_di_Indonesia,,no_coords,,List item from https://id.wikipedia.org/wiki/Daftar_candi_di_Indonesia,https://id.wikipedia.org/wiki/Daftar_candi_di_Indonesia,
Candi Prambanan,unknown,unknown,,,Wikipedia (id): Daftar_candi_di_Indonesia,,no_coords,,List item from https://id.wikipedia.org/wiki/Daftar_candi_di_Indonesia,https://id.wikipedia.org/wiki/Daftar_candi_di_Indonesia,
Situs Arca Gupolo,unknown,unknown,,,Wikipedia (id): Daftar_candi_di_Indonesia,,no_coords,,List item from https://id.wikipedia.org/wiki/Daftar_candi_di_Indonesia,https://id.wikipedia.org/wiki/Daftar_candi_di_Indonesia,
Situs Goa Sentono,unknown,unknown,,,Wikipedia (id): Daftar_candi_di_Indonesia,,no_coords,,List item from https://id.wikipedia.org/wiki/Daftar_candi_di_Indonesia,https://id.wikipedia.org/wiki/Daftar_candi_di_Indonesia,
Candi Kalasan,unknown,unknown,,,Wikipedia (id): Daftar_candi_di_Indonesia,,no_coords,,List item from https://id.wikipedia.org/wiki/Daftar_candi_di_Indonesia,https://id.wikipedia.org/wiki/Daftar_candi_di_Indonesia,
Candi Banyunibo,unknown,unknown,,,Wikipedia (id): Daftar_candi_di_Indonesia,,no_coords,,List item from https://id.wikipedia.org/wiki/Daftar_candi_di_Indonesia,https://id.wikipedia.org/wiki/Daftar_candi_di_Indonesia,
Candi Ratu Boko,unknown,unknown,,,Wikipedia (id): Daftar_candi_di_Indonesia,,no_coords,,List item from https://id.wikipedia.org/wiki/Daftar_candi_di_Indonesia,https://id.wikipedia.org/wiki/Daftar_candi_di_Indonesia,
Candi Sambi Sari,unknown,unknown,,,Wikipedia (id): Daftar_candi_di_Indonesia,,no_coords,,List item from https://id.wikipedia.org/wiki/Daftar_candi_di_Indonesia,https://id.wikipedia.org/wiki/Daftar_candi_di_Indonesia,
Candi Sari,unknown,unknown,,,Wikipedia (id): Daftar_candi_di_Indonesia,,no_coords,,List item from https://id.wikipedia.org/wiki/Daftar_candi_di_Indonesia,https://id.wikipedia.org/wiki/Daftar_candi_di_Indonesia,
Candi Ijo,unknown,unknown,,,Wikipedia (id): Daftar_candi_di_Indonesia,,no_coords,,List item from https://id.wikipedia.org/wiki/Daftar_candi_di_Indonesia,https://id.wikipedia.org/wiki/Daftar_candi_di_Indonesia,
Candi Barong,unknown,unknown,,,Wikipedia (id): Daftar_candi_di_Indonesia,,no_coords,,List item from https://id.wikipedia.org/wiki/Daftar_candi_di_Indonesia,https://id.wikipedia.org/wiki/Daftar_candi_di_Indonesia,
Candi Kedulan,unknown,unknown,,,Wikipedia (id): Daftar_candi_di_Indonesia,,no_coords,,List item from https://id.wikipedia.org/wiki/Daftar_candi_di_Indonesia,https://id.wikipedia.org/wiki/Daftar_candi_di_Indonesia,
Candi Gebang,unknown,unknown,,,Wikipedia (id): Daftar_candi_di_Indonesia,,no_coords,,List item from https://id.wikipedia.org/wiki/Daftar_candi_di_Indonesia,https://id.wikipedia.org/wiki/Daftar_candi_di_Indonesia,
Candi Morangan,unknown,unknown,,,Wikipedia (id): Daftar_candi_di_Indonesia,,no_coords,,List item from https://id.wikipedia.org/wiki/Daftar_candi_di_Indonesia,https://id.wikipedia.org/wiki/Daftar_candi_di_Indonesia,
Candi Keblak,unknown,unknown,,,Wikipedia (id): Daftar_candi_di_Indonesia,,no_coords,,List item from https://id.wikipedia.org/wiki/Daftar_candi_di_Indonesia,https://id.wikipedia.org/wiki/Daftar_candi_di_Indonesia,
Candi Abang,unknown,unknown,,,Wikipedia (id): Daftar_candi_di_Indonesia,,no_coords,,List item from https://id.wikipedia.org/wiki/Daftar_candi_di_Indonesia,https://id.wikipedia.org/wiki/Daftar_candi_di_Indonesia,
Candi Miri,unknown,unknown,,,Wikipedia (id): Daftar_candi_di_Indonesia,,no_coords,,List item from https://id.wikipedia.org/wiki/Daftar_candi_di_Indonesia,https://id.wikipedia.org/wiki/Daftar_candi_di_Indonesia,
Candi Dawangsari,unknown,unknown,,,Wikipedia (id): Daftar_candi_di_Indonesia,,no_coords,,List item from https://id.wikipedia.org/wiki/Daftar_candi_di_Indonesia,https://id.wikipedia.org/wiki/Daftar_candi_di_Indonesia,
Candi Kimpulan,unknown,unknown,,,Wikipedia (id): Daftar_candi_di_Indonesia,,no_coords,,List item from https://id.wikipedia.org/wiki/Daftar_candi_di_Indonesia,https://id.wikipedia.org/wiki/Daftar_candi_di_Indonesia,
Candi Klodangan,unknown,unknown,,,Wikipedia (id): Daftar_candi_di_Indonesia,,no_coords,,List item from https://id.wikipedia.org/wiki/Daftar_candi_di_Indonesia,https://id.wikipedia.org/wiki/Daftar_candi_di_Indonesia,
Candi Palgading,unknown,unknown,,,Wikipedia (id): Daftar_candi_di_Indonesia,,no_coords,,List item from https://id.wikipedia.org/wiki/Daftar_candi_di_Indonesia,https://id.wikipedia.org/wiki/Daftar_candi_di_Indonesia,
Arca Bugisan,unknown,unknown,,,Wikipedia (id): Daftar_candi_di_Indonesia,,no_coords,,List item from https://id.wikipedia.org/wiki/Daftar_candi_di_Indonesia,https://id.wikipedia.org/wiki/Daftar_candi_di_Indonesia,
Candi Watu Gudhig,unknown,unknown,,,Wikipedia (id): Daftar_candi_di_Indonesia,,no_coords,,List item from https://id.wikipedia.org/wiki/Daftar_candi_di_Indonesia,https://id.wikipedia.org/wiki/Daftar_candi_di_Indonesia,
Situs Mantup,unknown,unknown,,,Wikipedia (id): Daftar_candi_di_Indonesia,,no_coords,,List item from https://id.wikipedia.org/wiki/Daftar_candi_di_Indonesia,https://id.wikipedia.org/wiki/Daftar_candi_di_Indonesia,
Candi Gampingan,unknown,unknown,,,Wikipedia (id): Daftar_candi_di_Indonesia,,no_coords,,List item from https://id.wikipedia.org/wiki/Daftar_candi_di_Indonesia,https://id.wikipedia.org/wiki/Daftar_candi_di_Indonesia,
Situs Payak Bantul,unknown,unknown,,,Wikipedia (id): Daftar_candi_di_Indonesia,,no_coords,,List item from https://id.wikipedia.org/wiki/Daftar_candi_di_Indonesia,https://id.wikipedia.org/wiki/Daftar_candi_di_Indonesia,
Situs Mangir,unknown,unknown,,,Wikipedia (id): Daftar_candi_di_Indonesia,,no_coords,,List item from https://id.wikipedia.org/wiki/Daftar_candi_di_Indonesia,https://id.wikipedia.org/wiki/Daftar_candi_di_Indonesia,
Candi Pringtali,unknown,unknown,,,Wikipedia (id): Daftar_candi_di_Indonesia,,no_coords,,List item from https://id.wikipedia.org/wiki/Daftar_candi_di_Indonesia,https://id.wikipedia.org/wiki/Daftar_candi_di_Indonesia,
Candi Risan,unknown,unknown,,,Wikipedia (id): Daftar_candi_di_Indonesia,,no_coords,,List item from https://id.wikipedia.org/wiki/Daftar_candi_di_Indonesia,https://id.wikipedia.org/wiki/Daftar_candi_di_Indonesia,
Situs Gembirowati,unknown,unknown,,,Wikipedia (id): Daftar_candi_di_Indonesia,,no_coords,,List item from https://id.wikipedia.org/wiki/Daftar_candi_di_Indonesia,https://id.wikipedia.org/wiki/Daftar_candi_di_Indonesia,
Situs Waturejo,unknown,unknown,,,Wikipedia (id): Daftar_candi_di_Indonesia,,no_coords,,List item from https://id.wikipedia.org/wiki/Daftar_candi_di_Indonesia,https://id.wikipedia.org/wiki/Daftar_candi_di_Indonesia,
Candi Jago,unknown,unknown,,,Wikipedia (id): Daftar_candi_di_Indonesia,,no_coords,,List item from https://id.wikipedia.org/wiki/Daftar_candi_di_Indonesia,https://id.wikipedia.org/wiki/Daftar_candi_di_Indonesia,
Candi Kidal,unknown,unknown,,,Wikipedia (id): Daftar_candi_di_Indonesia,,no_coords,,List item from https://id.wikipedia.org/wiki/Daftar_candi_di_Indonesia,https://id.wikipedia.org/wiki/Daftar_candi_di_Indonesia,
Situs Ngawonggo,unknown,unknown,,,Wikipedia (id): Daftar_candi_di_Indonesia,,no_coords,,List item from https://id.wikipedia.org/wiki/Daftar_candi_di_Indonesia,https://id.wikipedia.org/wiki/Daftar_candi_di_Indonesia,
Candi Singosari,unknown,unknown,,,Wikipedia (id): Daftar_candi_di_Indonesia,,no_coords,,List item from https://id.wikipedia.org/wiki/Daftar_candi_di_Indonesia,https://id.wikipedia.org/wiki/Daftar_candi_di_Indonesia,
Candi Selakelir,unknown,unknown,,,Wikipedia (id): Daftar_candi_di_Indonesia,,no_coords,,List item from https://id.wikipedia.org/wiki/Daftar_candi_di_Indonesia,https://id.wikipedia.org/wiki/Daftar_candi_di_Indonesia,
Kompleks Percandian Gunung Arjuna,unknown,unknown,,,Wikipedia (id): Daftar_candi_di_Indonesia,,no_coords,,List item from https://id.wikipedia.org/wiki/Daftar_candi_di_Indonesia,https://id.wikipedia.org/wiki/Daftar_candi_di_Indonesia,
Candi Jawar Ombo,unknown,unknown,,,Wikipedia (id): Daftar_candi_di_Indonesia,,no_coords,,List item from https://id.wikipedia.org/wiki/Daftar_candi_di_Indonesia,https://id.wikipedia.org/wiki/Daftar_candi_di_Indonesia,
Candi Bocok,unknown,unknown,,,Wikipedia (id): Daftar_candi_di_Indonesia,,no_coords,,List item from https://id.wikipedia.org/wiki/Daftar_candi_di_Indonesia,https://id.wikipedia.org/wiki/Daftar_candi_di_Indonesia,
Candi Ngabab,unknown,unknown,,,Wikipedia (id): Daftar_candi_di_Indonesia,,no_coords,,List item from https://id.wikipedia.org/wiki/Daftar_candi_di_Indonesia,https://id.wikipedia.org/wiki/Daftar_candi_di_Indonesia,
Candi Gunung Telih,unknown,unknown,,,Wikipedia (id): Daftar_candi_di_Indonesia,,no_coords,,List item from https://id.wikipedia.org/wiki/Daftar_candi_di_Indonesia,https://id.wikipedia.org/wiki/Daftar_candi_di_Indonesia,
Candi Badut,unknown,unknown,,,Wikipedia (id): Daftar_candi_di_Indonesia,,no_coords,,List item from https://id.wikipedia.org/wiki/Daftar_candi_di_Indonesia,https://id.wikipedia.org/wiki/Daftar_candi_di_Indonesia,
Candi Karang Besuki,unknown,unknown,,,Wikipedia (id): Daftar_candi_di_Indonesia,,no_coords,,List item from https://id.wikipedia.org/wiki/Daftar_candi_di_Indonesia,https://id.wikipedia.org/wiki/Daftar_candi_di_Indonesia,
Situs Watugong,unknown,unknown,,,Wikipedia (id): Daftar_candi_di_Indonesia,,no_coords,,List item from https://id.wikipedia.org/wiki/Daftar_candi_di_Indonesia,https://id.wikipedia.org/wiki/Daftar_candi_di_Indonesia,
Situs Sumur Windu,unknown,unknown,,,Wikipedia (id): Daftar_candi_di_Indonesia,,no_coords,,List item from https://id.wikipedia.org/wiki/Daftar_candi_di_Indonesia,https://id.wikipedia.org/wiki/Daftar_candi_di_Indonesia,
Candi Sanggariti,unknown,unknown,,,Wikipedia (id): Daftar_candi_di_Indonesia,,no_coords,,List item from https://id.wikipedia.org/wiki/Daftar_candi_di_Indonesia,https://id.wikipedia.org/wiki/Daftar_candi_di_Indonesia,
Candi Surawana,unknown,unknown,,,Wikipedia (id): Daftar_candi_di_Indonesia,,no_coords,,List item from https://id.wikipedia.org/wiki/Daftar_candi_di_Indonesia,https://id.wikipedia.org/wiki/Daftar_candi_di_Indonesia,
Candi Tegowangi,unknown,unknown,,,Wikipedia (id): Daftar_candi_di_Indonesia,,no_coords,,List item from https://id.wikipedia.org/wiki/Daftar_candi_di_Indonesia,https://id.wikipedia.org/wiki/Daftar_candi_di_Indonesia,
Arca Totok Kerot,unknown,unknown,,,Wikipedia (id): Daftar_candi_di_Indonesia,,no_coords,,List item from https://id.wikipedia.org/wiki/Daftar_candi_di_Indonesia,https://id.wikipedia.org/wiki/Daftar_candi_di_Indonesia,
Situs Tunglur,unknown,unknown,,,Wikipedia (id): Daftar_candi_di_Indonesia,,no_coords,,List item from https://id.wikipedia.org/wiki/Daftar_candi_di_Indonesia,https://id.wikipedia.org/wiki/Daftar_candi_di_Indonesia,
Situs Panji Gambyok,unknown,unknown,,,Wikipedia (id): Daftar_candi_di_Indonesia,,no_coords,,List item from https://id.wikipedia.org/wiki/Daftar_candi_di_Indonesia,https://id.wikipedia.org/wiki/Daftar_candi_di_Indonesia,
Situs Bandara Kediri,unknown,unknown,,,Wikipedia (id): Daftar_candi_di_Indonesia,,no_coords,,List item from https://id.wikipedia.org/wiki/Daftar_candi_di_Indonesia,https://id.wikipedia.org/wiki/Daftar_candi_di_Indonesia,
Situs Calon Arang,unknown,unknown,,,Wikipedia (id): Daftar_candi_di_Indonesia,,no_coords,,List item from https://id.wikipedia.org/wiki/Daftar_candi_di_Indonesia,https://id.wikipedia.org/wiki/Daftar_candi_di_Indonesia,
Situs Tondowongso,unknown,unknown,,,Wikipedia (id): Daftar_candi_di_Indonesia,,no_coords,,List item from https://id.wikipedia.org/wiki/Daftar_candi_di_Indonesia,https://id.wikipedia.org/wiki/Daftar_candi_di_Indonesia,
Situs Adan-Adan,unknown,unknown,,,Wikipedia (id): Daftar_candi_di_Indonesia,,no_coords,,List item from https://id.wikipedia.org/wiki/Daftar_candi_di_Indonesia,https://id.wikipedia.org/wiki/Daftar_candi_di_Indonesia,
Candi Dorok,unknown,unknown,,,Wikipedia (id): Daftar_candi_di_Indonesia,,no_coords,,List item from https://id.wikipedia.org/wiki/Daftar_candi_di_Indonesia,https://id.wikipedia.org/wiki/Daftar_candi_di_Indonesia,
Candi Kepung Petirtaan,unknown,unknown,,,Wikipedia (id): Daftar_candi_di_Indonesia,,no_coords,,List item from https://id.wikipedia.org/wiki/Daftar_candi_di_Indonesia,https://id.wikipedia.org/wiki/Daftar_candi_di_Indonesia,
Arca Ringin Budha,unknown,unknown,,,Wikipedia (id): Daftar_candi_di_Indonesia,,no_coords,,List item from https://id.wikipedia.org/wiki/Daftar_candi_di_Indonesia,https://id.wikipedia.org/wiki/Daftar_candi_di_Indonesia,
Situs Nambaan,unknown,unknown,,,Wikipedia (id): Daftar_candi_di_Indonesia,,no_coords,,List item from https://id.wikipedia.org/wiki/Daftar_candi_di_Indonesia,https://id.wikipedia.org/wiki/Daftar_candi_di_Indonesia,
Situs Candi Semen,unknown,unknown,,,Wikipedia (id): Daftar_candi_di_Indonesia,,no_coords,,List item from https://id.wikipedia.org/wiki/Daftar_candi_di_Indonesia,https://id.wikipedia.org/wiki/Daftar_candi_di_Indonesia,
Situs Babadan,unknown,unknown,,,Wikipedia (id): Daftar_candi_di_Indonesia,,no_coords,,List item from https://id.wikipedia.org/wiki/Daftar_candi_di_Indonesia,https://id.wikipedia.org/wiki/Daftar_candi_di_Indonesia,
Candi Gunung Klotok,unknown,unknown,,,Wikipedia (id): Daftar_candi_di_Indonesia,,no_coords,,List item from https://id.wikipedia.org/wiki/Daftar_candi_di_Indonesia,https://id.wikipedia.org/wiki/Daftar_candi_di_Indonesia,
Candi Lor,unknown,unknown,,,Wikipedia (id): Daftar_candi_di_Indonesia,,no_coords,,List item from https://id.wikipedia.org/wiki/Daftar_candi_di_Indonesia,https://id.wikipedia.org/wiki/Daftar_candi_di_Indonesia,
Candi Ngetos,unknown,unknown,,,Wikipedia (id): Daftar_candi_di_Indonesia,,no_coords,,List item from https://id.wikipedia.org/wiki/Daftar_candi_di_Indonesia,https://id.wikipedia.org/wiki/Daftar_candi_di_Indonesia,
Situs Pace Kulon,unknown,unknown,,,Wikipedia (id): Daftar_candi_di_Indonesia,,no_coords,,List item from https://id.wikipedia.org/wiki/Daftar_candi_di_Indonesia,https://id.wikipedia.org/wiki/Daftar_candi_di_Indonesia,
Candi Rimbi,unknown,unknown,,,Wikipedia (id): Daftar_candi_di_Indonesia,,no_coords,,List item from https://id.wikipedia.org/wiki/Daftar_candi_di_Indonesia,https://id.wikipedia.org/wiki/Daftar_candi_di_Indonesia,
Candi Jawi,unknown,unknown,,,Wikipedia (id): Daftar_candi_di_Indonesia,,no_coords,,List item from https://id.wikipedia.org/wiki/Daftar_candi_di_Indonesia,https://id.wikipedia.org/wiki/Daftar_candi_di_Indonesia,
Candi Kebo Ireng,unknown,unknown,,,Wikipedia (id): Daftar_candi_di_Indonesia,,no_coords,,List item from https://id.wikipedia.org/wiki/Daftar_candi_di_Indonesia,https://id.wikipedia.org/wiki/Daftar_candi_di_Indonesia,
Candi Gunung Gangsir,unknown,unknown,,,Wikipedia (id): Daftar_candi_di_Indonesia,,no_coords,,List item from https://id.wikipedia.org/wiki/Daftar_candi_di_Indonesia,https://id.wikipedia.org/wiki/Daftar_candi_di_Indonesia,
Kompleks Percandian Gunung Welirang,unknown,unknown,,,Wikipedia (id): Daftar_candi_di_Indonesia,,no_coords,,List item from https://id.wikipedia.org/wiki/Daftar_candi_di_Indonesia,https://id.wikipedia.org/wiki/Daftar_candi_di_Indonesia,
Kompleks Percandian Gunung Ringgit,unknown,unknown,,,Wikipedia (id): Daftar_candi_di_Indonesia,,no_coords,,List item from https://id.wikipedia.org/wiki/Daftar_candi_di_Indonesia,https://id.wikipedia.org/wiki/Daftar_candi_di_Indonesia,
Candi Lulumbang,unknown,unknown,,,Wikipedia (id): Daftar_candi_di_Indonesia,,no_coords,,List item from https://id.wikipedia.org/wiki/Daftar_candi_di_Indonesia,https://id.wikipedia.org/wiki/Daftar_candi_di_Indonesia,
Candi Bangkal,unknown,unknown,,,Wikipedia (id): Daftar_candi_di_Indonesia,,no_coords,,List item from https://id.wikipedia.org/wiki/Daftar_candi_di_Indonesia,https://id.wikipedia.org/wiki/Daftar_candi_di_Indonesia,
Kompleks Situs Trowulan,unknown,unknown,,,Wikipedia (id): Daftar_candi_di_Indonesia,,no_coords,,List item from https://id.wikipedia.org/wiki/Daftar_candi_di_Indonesia,https://id.wikipedia.org/wiki/Daftar_candi_di_Indonesia,
Candi Tikus,unknown,unknown,,,Wikipedia (id): Daftar_candi_di_Indonesia,,no_coords,,List item from https://id.wikipedia.org/wiki/Daftar_candi_di_Indonesia,https://id.wikipedia.org/wiki/Daftar_candi_di_Indonesia,
Candi Klinterejo,unknown,unknown,,,Wikipedia (id): Daftar_candi_di_Indonesia,,no_coords,,List item from https://id.wikipedia.org/wiki/Daftar_candi_di_Indonesia,https://id.wikipedia.org/wiki/Daftar_candi_di_Indonesia,
Candi Menak Jingga,unknown,unknown,,,Wikipedia (id): Daftar_candi_di_Indonesia,,no_coords,,List item from https://id.wikipedia.org/wiki/Daftar_candi_di_Indonesia,https://id.wikipedia.org/wiki/Daftar_candi_di_Indonesia,
Candi Brahu,unknown,unknown,,,Wikipedia (id): Daftar_candi_di_Indonesia,,no_coords,,List item from https://id.wikipedia.org/wiki/Daftar_candi_di_Indonesia,https://id.wikipedia.org/wiki/Daftar_candi_di_Indonesia,
Candi Gentong,unknown,unknown,,,Wikipedia (id): Daftar_candi_di_Indonesia,,no_coords,,List item from https://id.wikipedia.org/wiki/Daftar_candi_di_Indonesia,https://id.wikipedia.org/wiki/Daftar_candi_di_Indonesia,
Gapura Wringin Lawang,unknown,unknown,,,Wikipedia (id): Daftar_candi_di_Indonesia,,no_coords,,List item from https://id.wikipedia.org/wiki/Daftar_candi_di_Indonesia,https://id.wikipedia.org/wiki/Daftar_candi_di_Indonesia,
Gapura Bajang Ratu,unknown,unknown,,,Wikipedia (id): Daftar_candi_di_Indonesia,,no_coords,,List item from https://id.wikipedia.org/wiki/Daftar_candi_di_Indonesia,https://id.wikipedia.org/wiki/Daftar_candi_di_Indonesia,
Candi Kedaton,unknown,unknown,,,Wikipedia (id): Daftar_candi_di_Indonesia,,no_coords,,List item from https://id.wikipedia.org/wiki/Daftar_candi_di_Indonesia,https://id.wikipedia.org/wiki/Daftar_candi_di_Indonesia,
Kompleks Percandian Gunung Penanggungan,unknown,unknown,,,Wikipedia (id): Daftar_candi_di_Indonesia,,no_coords,,List item from https://id.wikipedia.org/wiki/Daftar_candi_di_Indonesia,https://id.wikipedia.org/wiki/Daftar_candi_di_Indonesia,
Candi Kama I,unknown,unknown,,,Wikipedia (id): Daftar_candi_di_Indonesia,,no_coords,,List item from https://id.wikipedia.org/wiki/Daftar_candi_di_Indonesia,https://id.wikipedia.org/wiki/Daftar_candi_di_Indonesia,
Candi Kama II,unknown,unknown,,,Wikipedia (id): Daftar_candi_di_Indonesia,,no_coords,,List item from https://id.wikipedia.org/wiki/Daftar_candi_di_Indonesia,https://id.wikipedia.org/wiki/Daftar_candi_di_Indonesia,
Candi Gajah Mungkur,unknown,unknown,,,Wikipedia (id): Daftar_candi_di_Indonesia,,no_coords,,List item from https://id.wikipedia.org/wiki/Daftar_candi_di_Indonesia,https://id.wikipedia.org/wiki/Daftar_candi_di_Indonesia,
Candi Wayang,unknown,unknown,,,Wikipedia (id): Daftar_candi_di_Indonesia,,no_coords,,List item from https://id.wikipedia.org/wiki/Daftar_candi_di_Indonesia,https://id.wikipedia.org/wiki/Daftar_candi_di_Indonesia,
Candi Kendalisada,unknown,unknown,,,Wikipedia (id): Daftar_candi_di_Indonesia,,no_coords,,List item from https://id.wikipedia.org/wiki/Daftar_candi_di_Indonesia,https://id.wikipedia.org/wiki/Daftar_candi_di_Indonesia,
Candi Pasetran,unknown,unknown,,,Wikipedia (id): Daftar_candi_di_Indonesia,,no_coords,,List item from https://id.wikipedia.org/wiki/Daftar_candi_di_Indonesia,https://id.wikipedia.org/wiki/Daftar_candi_di_Indonesia,
Gapura Jedong,unknown,unknown,,,Wikipedia (id): Daftar_candi_di_Indonesia,,no_coords,,List item from https://id.wikipedia.org/wiki/Daftar_candi_di_Indonesia,https://id.wikipedia.org/wiki/Daftar_candi_di_Indonesia,
Candi Lemari,unknown,unknown,,,Wikipedia (id): Daftar_candi_di_Indonesia,,no_coords,,List item from https://id.wikipedia.org/wiki/Daftar_candi_di_Indonesia,https://id.wikipedia.org/wiki/Daftar_candi_di_Indonesia,
Candi Bayi,unknown,unknown,,,Wikipedia (id): Daftar_candi_di_Indonesia,,no_coords,,List item from https://id.wikipedia.org/wiki/Daftar_candi_di_Indonesia,https://id.wikipedia.org/wiki/Daftar_candi_di_Indonesia,
Candi Putri,unknown,unknown,,,Wikipedia (id): Daftar_candi_di_Indonesia,,no_coords,,List item from https://id.wikipedia.org/wiki/Daftar_candi_di_Indonesia,https://id.wikipedia.org/wiki/Daftar_candi_di_Indonesia,
Candi Pura,unknown,unknown,,,Wikipedia (id): Daftar_candi_di_Indonesia,,no_coords,,List item from https://id.wikipedia.org/wiki/Daftar_candi_di_Indonesia,https://id.wikipedia.org/wiki/Daftar_candi_di_Indonesia,
Candi Gentong,unknown,unknown,,,Wikipedia (id): Daftar_candi_di_Indonesia,,no_coords,,List item from https://id.wikipedia.org/wiki/Daftar_candi_di_Indonesia,https://id.wikipedia.org/wiki/Daftar_candi_di_Indonesia,
Candi Shinta,unknown,unknown,,,Wikipedia (id): Daftar_candi_di_Indonesia,,no_coords,,List item from https://id.wikipedia.org/wiki/Daftar_candi_di_Indonesia,https://id.wikipedia.org/wiki/Daftar_candi_di_Indonesia,
Candi Lurah,unknown,unknown,,,Wikipedia (id): Daftar_candi_di_Indonesia,,no_coords,,List item from https://id.wikipedia.org/wiki/Daftar_candi_di_Indonesia,https://id.wikipedia.org/wiki/Daftar_candi_di_Indonesia,
Candi Carik,unknown,unknown,,,Wikipedia (id): Daftar_candi_di_Indonesia,,no_coords,,List item from https://id.wikipedia.org/wiki/Daftar_candi_di_Indonesia,https://id.wikipedia.org/wiki/Daftar_candi_di_Indonesia,
Candi Yudha,unknown,unknown,,,Wikipedia (id): Daftar_candi_di_Indonesia,,no_coords,,List item from https://id.wikipedia.org/wiki/Daftar_candi_di_Indonesia,https://id.wikipedia.org/wiki/Daftar_candi_di_Indonesia,
Candi Wisnu,unknown,unknown,,,Wikipedia (id): Daftar_candi_di_Indonesia,,no_coords,,List item from https://id.wikipedia.org/wiki/Daftar_candi_di_Indonesia,https://id.wikipedia.org/wiki/Daftar_candi_di_Indonesia,
Candi Kepurbakalaan XII,unknown,unknown,,,Wikipedia (id): Daftar_candi_di_Indonesia,,no_coords,,List item from https://id.wikipedia.org/wiki/Daftar_candi_di_Indonesia,https://id.wikipedia.org/wiki/Daftar_candi_di_Indonesia,
Candi kepurbakalaan XIII,unknown,unknown,,,Wikipedia (id): Daftar_candi_di_Indonesia,,no_coords,,List item from https://id.wikipedia.org/wiki/Daftar_candi_di_Indonesia,https://id.wikipedia.org/wiki/Daftar_candi_di_Indonesia,
Candi Buyung,unknown,unknown,,,Wikipedia (id): Daftar_candi_di_Indonesia,,no_coords,,List item from https://id.wikipedia.org/wiki/Daftar_candi_di_Indonesia,https://id.wikipedia.org/wiki/Daftar_candi_di_Indonesia,
Candi Kursi,unknown,unknown,,,Wikipedia (id): Daftar_candi_di_Indonesia,,no_coords,,List item from https://id.wikipedia.org/wiki/Daftar_candi_di_Indonesia,https://id.wikipedia.org/wiki/Daftar_candi_di_Indonesia,
Candi Kendalisodo,unknown,unknown,,,Wikipedia (id): Daftar_candi_di_Indonesia,,no_coords,,List item from https://id.wikipedia.org/wiki/Daftar_candi_di_Indonesia,https://id.wikipedia.org/wiki/Daftar_candi_di_Indonesia,
Candi Selakir dan Tekingblandong,unknown,unknown,,,Wikipedia (id): Daftar_candi_di_Indonesia,,no_coords,,List item from https://id.wikipedia.org/wiki/Daftar_candi_di_Indonesia,https://id.wikipedia.org/wiki/Daftar_candi_di_Indonesia,
Candi Naga I,unknown,unknown,,,Wikipedia (id): Daftar_candi_di_Indonesia,,no_coords,,List item from https://id.wikipedia.org/wiki/Daftar_candi_di_Indonesia,https://id.wikipedia.org/wiki/Daftar_candi_di_Indonesia,
Candi Pendawa,unknown,unknown,,,Wikipedia (id): Daftar_candi_di_Indonesia,,no_coords,,List item from https://id.wikipedia.org/wiki/Daftar_candi_di_Indonesia,https://id.wikipedia.org/wiki/Daftar_candi_di_Indonesia,
Candi Merak,unknown,unknown,,,Wikipedia (id): Daftar_candi_di_Indonesia,,no_coords,,List item from https://id.wikipedia.org/wiki/Daftar_candi_di_Indonesia,https://id.wikipedia.org/wiki/Daftar_candi_di_Indonesia,
Candi Naga II,unknown,unknown,,,Wikipedia (id): Daftar_candi_di_Indonesia,,no_coords,,List item from https://id.wikipedia.org/wiki/Daftar_candi_di_Indonesia,https://id.wikipedia.org/wiki/Daftar_candi_di_Indonesia,
Candi Griya,unknown,unknown,,,Wikipedia (id): Daftar_candi_di_Indonesia,,no_coords,,List item from https://id.wikipedia.org/wiki/Daftar_candi_di_Indonesia,https://id.wikipedia.org/wiki/Daftar_candi_di_Indonesia,
Candi Dharmawangsa,unknown,unknown,,,Wikipedia (id): Daftar_candi_di_Indonesia,,no_coords,,List item from https://id.wikipedia.org/wiki/Daftar_candi_di_Indonesia,https://id.wikipedia.org/wiki/Daftar_candi_di_Indonesia,
Candi Kerajaan,unknown,unknown,,,Wikipedia (id): Daftar_candi_di_Indonesia,,no_coords,,List item from https://id.wikipedia.org/wiki/Daftar_candi_di_Indonesia,https://id.wikipedia.org/wiki/Daftar_candi_di_Indonesia,
Candi Pelakan Jawa I,unknown,unknown,,,Wikipedia (id): Daftar_candi_di_Indonesia,,no_coords,,List item from https://id.wikipedia.org/wiki/Daftar_candi_di_Indonesia,https://id.wikipedia.org/wiki/Daftar_candi_di_Indonesia,
Candi Pelakan Jawa II,unknown,unknown,,,Wikipedia (id): Daftar_candi_di_Indonesia,,no_coords,,List item from https://id.wikipedia.org/wiki/Daftar_candi_di_Indonesia,https://id.wikipedia.org/wiki/Daftar_candi_di_Indonesia,
Candi Baru,unknown,unknown,,,Wikipedia (id): Daftar_candi_di_Indonesia,,no_coords,,List item from https://id.wikipedia.org/wiki/Daftar_candi_di_Indonesia,https://id.wikipedia.org/wiki/Daftar_candi_di_Indonesia,
Candi tanpa nama I,unknown,unknown,,,Wikipedia (id): Daftar_candi_di_Indonesia,,no_coords,,List item from https://id.wikipedia.org/wiki/Daftar_candi_di_Indonesia,https://id.wikipedia.org/wiki/Daftar_candi_di_Indonesia,
Candi tanpa nama II,unknown,unknown,,,Wikipedia (id): Daftar_candi_di_Indonesia,,no_coords,,List item from https://id.wikipedia.org/wiki/Daftar_candi_di_Indonesia,https://id.wikipedia.org/wiki/Daftar_candi_di_Indonesia,
Candi tanpa nama III,unknown,unknown,,,Wikipedia (id): Daftar_candi_di_Indonesia,,no_coords,,List item from https://id.wikipedia.org/wiki/Daftar_candi_di_Indonesia,https://id.wikipedia.org/wiki/Daftar_candi_di_Indonesia,
Candi tanpa nama IV,unknown,unknown,,,Wikipedia (id): Daftar_candi_di_Indonesia,,no_coords,,List item from https://id.wikipedia.org/wiki/Daftar_candi_di_Indonesia,https://id.wikipedia.org/wiki/Daftar_candi_di_Indonesia,
Candi tanpa nama V,unknown,unknown,,,Wikipedia (id): Daftar_candi_di_Indonesia,,no_coords,,List item from https://id.wikipedia.org/wiki/Daftar_candi_di_Indonesia,https://id.wikipedia.org/wiki/Daftar_candi_di_Indonesia,
Candi tanpa nama VI,unknown,unknown,,,Wikipedia (id): Daftar_candi_di_Indonesia,,no_coords,,List item from https://id.wikipedia.org/wiki/Daftar_candi_di_Indonesia,https://id.wikipedia.org/wiki/Daftar_candi_di_Indonesia,
Candi tanpa nama VII,unknown,unknown,,,Wikipedia (id): Daftar_candi_di_Indonesia,,no_coords,,List item from https://id.wikipedia.org/wiki/Daftar_candi_di_Indonesia,https://id.wikipedia.org/wiki/Daftar_candi_di_Indonesia,
Candi Batu Jolang,unknown,unknown,,,Wikipedia (id): Daftar_candi_di_Indonesia,,no_coords,,List item from https://id.wikipedia.org/wiki/Daftar_candi_di_Indonesia,https://id.wikipedia.org/wiki/Daftar_candi_di_Indonesia,
Candi Batu Terbang,unknown,unknown,,,Wikipedia (id): Daftar_candi_di_Indonesia,,no_coords,,List item from https://id.wikipedia.org/wiki/Daftar_candi_di_Indonesia,https://id.wikipedia.org/wiki/Daftar_candi_di_Indonesia,
Arca Fragmen,unknown,unknown,,,Wikipedia (id): Daftar_candi_di_Indonesia,,no_coords,,List item from https://id.wikipedia.org/wiki/Daftar_candi_di_Indonesia,https://id.wikipedia.org/wiki/Daftar_candi_di_Indonesia,
Arca Joko Dolog,unknown,unknown,,,Wikipedia (id): Daftar_candi_di_Indonesia,,no_coords,,List item from https://id.wikipedia.org/wiki/Daftar_candi_di_Indonesia,https://id.wikipedia.org/wiki/Daftar_candi_di_Indonesia,
Candi Bacem,unknown,unknown,,,Wikipedia (id): Daftar_candi_di_Indonesia,,no_coords,,List item from https://id.wikipedia.org/wiki/Daftar_candi_di_Indonesia,https://id.wikipedia.org/wiki/Daftar_candi_di_Indonesia,
Arca Ganesha Boro,unknown,unknown,,,Wikipedia (id): Daftar_candi_di_Indonesia,,no_coords,,List item from https://id.wikipedia.org/wiki/Daftar_candi_di_Indonesia,https://id.wikipedia.org/wiki/Daftar_candi_di_Indonesia,
Candi Kalicilik,unknown,unknown,,,Wikipedia (id): Daftar_candi_di_Indonesia,,no_coords,,List item from https://id.wikipedia.org/wiki/Daftar_candi_di_Indonesia,https://id.wikipedia.org/wiki/Daftar_candi_di_Indonesia,
Candi Kotes,unknown,unknown,,,Wikipedia (id): Daftar_candi_di_Indonesia,,no_coords,,List item from https://id.wikipedia.org/wiki/Daftar_candi_di_Indonesia,https://id.wikipedia.org/wiki/Daftar_candi_di_Indonesia,
Candi Wringin Branjang,unknown,unknown,,,Wikipedia (id): Daftar_candi_di_Indonesia,,no_coords,,List item from https://id.wikipedia.org/wiki/Daftar_candi_di_Indonesia,https://id.wikipedia.org/wiki/Daftar_candi_di_Indonesia,
Candi Sawentar,unknown,unknown,,,Wikipedia (id): Daftar_candi_di_Indonesia,,no_coords,,List item from https://id.wikipedia.org/wiki/Daftar_candi_di_Indonesia,https://id.wikipedia.org/wiki/Daftar_candi_di_Indonesia,
Candi Sumbernanas,unknown,unknown,,,Wikipedia (id): Daftar_candi_di_Indonesia,,no_coords,,List item from https://id.wikipedia.org/wiki/Daftar_candi_di_Indonesia,https://id.wikipedia.org/wiki/Daftar_candi_di_Indonesia,
Candi Simping,unknown,unknown,,,Wikipedia (id): Daftar_candi_di_Indonesia,,no_coords,,List item from https://id.wikipedia.org/wiki/Daftar_candi_di_Indonesia,https://id.wikipedia.org/wiki/Daftar_candi_di_Indonesia,
Kompleks Percandian Penataran,unknown,unknown,,,Wikipedia (id): Daftar_candi_di_Indonesia,,no_coords,,List item from https://id.wikipedia.org/wiki/Daftar_candi_di_Indonesia,https://id.wikipedia.org/wiki/Daftar_candi_di_Indonesia,
Candi Angka Tahun,unknown,unknown,,,Wikipedia (id): Daftar_candi_di_Indonesia,,no_coords,,List item from https://id.wikipedia.org/wiki/Daftar_candi_di_Indonesia,https://id.wikipedia.org/wiki/Daftar_candi_di_Indonesia,
Candi Naga,unknown,unknown,,,Wikipedia (id): Daftar_candi_di_Indonesia,,no_coords,,List item from https://id.wikipedia.org/wiki/Daftar_candi_di_Indonesia,https://id.wikipedia.org/wiki/Daftar_candi_di_Indonesia,
Candi Induk Penataran,unknown,unknown,,,Wikipedia (id): Daftar_candi_di_Indonesia,,no_coords,,List item from https://id.wikipedia.org/wiki/Daftar_candi_di_Indonesia,https://id.wikipedia.org/wiki/Daftar_candi_di_Indonesia,
Kolam Candi Penataran,unknown,unknown,,,Wikipedia (id): Daftar_candi_di_Indonesia,,no_coords,,List item from https://id.wikipedia.org/wiki/Daftar_candi_di_Indonesia,https://id.wikipedia.org/wiki/Daftar_candi_di_Indonesia,
Candi Pemandian Penataran,unknown,unknown,,,Wikipedia (id): Daftar_candi_di_Indonesia,,no_coords,,List item from https://id.wikipedia.org/wiki/Daftar_candi_di_Indonesia,https://id.wikipedia.org/wiki/Daftar_candi_di_Indonesia,
Candi Gambar Wetan,unknown,unknown,,,Wikipedia (id): Daftar_candi_di_Indonesia,,no_coords,,List item from https://id.wikipedia.org/wiki/Daftar_candi_di_Indonesia,https://id.wikipedia.org/wiki/Daftar_candi_di_Indonesia,
Candi Plumbangan,unknown,unknown,,,Wikipedia (id): Daftar_candi_di_Indonesia,,no_coords,,List item from https://id.wikipedia.org/wiki/Daftar_candi_di_Indonesia,https://id.wikipedia.org/wiki/Daftar_candi_di_Indonesia,
Candi Tepas,unknown,unknown,,,Wikipedia (id): Daftar_candi_di_Indonesia,,no_coords,,List item from https://id.wikipedia.org/wiki/Daftar_candi_di_Indonesia,https://id.wikipedia.org/wiki/Daftar_candi_di_Indonesia,
Candi Selo Tumpuk,unknown,unknown,,,Wikipedia (id): Daftar_candi_di_Indonesia,,no_coords,,List item from https://id.wikipedia.org/wiki/Daftar_candi_di_Indonesia,https://id.wikipedia.org/wiki/Daftar_candi_di_Indonesia,
Candi Sumber Agung,unknown,unknown,,,Wikipedia (id): Daftar_candi_di_Indonesia,,no_coords,,List item from https://id.wikipedia.org/wiki/Daftar_candi_di_Indonesia,https://id.wikipedia.org/wiki/Daftar_candi_di_Indonesia,
Candi Sirah Kencong,unknown,unknown,,,Wikipedia (id): Daftar_candi_di_Indonesia,,no_coords,,List item from https://id.wikipedia.org/wiki/Daftar_candi_di_Indonesia,https://id.wikipedia.org/wiki/Daftar_candi_di_Indonesia,
Candi Tapan,unknown,unknown,,,Wikipedia (id): Daftar_candi_di_Indonesia,,no_coords,,List item from https://id.wikipedia.org/wiki/Daftar_candi_di_Indonesia,https://id.wikipedia.org/wiki/Daftar_candi_di_Indonesia,
Situs Jeding,unknown,unknown,,,Wikipedia (id): Daftar_candi_di_Indonesia,,no_coords,,List item from https://id.wikipedia.org/wiki/Daftar_candi_di_Indonesia,https://id.wikipedia.org/wiki/Daftar_candi_di_Indonesia,
Candi Mleri,unknown,unknown,,,Wikipedia (id): Daftar_candi_di_Indonesia,,no_coords,,List item from https://id.wikipedia.org/wiki/Daftar_candi_di_Indonesia,https://id.wikipedia.org/wiki/Daftar_candi_di_Indonesia,
Candi Rambut Monte,unknown,unknown,,,Wikipedia (id): Daftar_candi_di_Indonesia,,no_coords,,List item from https://id.wikipedia.org/wiki/Daftar_candi_di_Indonesia,https://id.wikipedia.org/wiki/Daftar_candi_di_Indonesia,
Situs Bale Kambang,unknown,unknown,,,Wikipedia (id): Daftar_candi_di_Indonesia,,no_coords,,List item from https://id.wikipedia.org/wiki/Daftar_candi_di_Indonesia,https://id.wikipedia.org/wiki/Daftar_candi_di_Indonesia,
Candi Kedaton,unknown,unknown,,,Wikipedia (id): Daftar_candi_di_Indonesia,,no_coords,,List item from https://id.wikipedia.org/wiki/Daftar_candi_di_Indonesia,https://id.wikipedia.org/wiki/Daftar_candi_di_Indonesia,
Candi Jabung,unknown,unknown,,,Wikipedia (id): Daftar_candi_di_Indonesia,,no_coords,,List item from https://id.wikipedia.org/wiki/Daftar_candi_di_Indonesia,https://id.wikipedia.org/wiki/Daftar_candi_di_Indonesia,
Candi Gayatri,unknown,unknown,,,Wikipedia (id): Daftar_candi_di_Indonesia,,no_coords,,List item from https://id.wikipedia.org/wiki/Daftar_candi_di_Indonesia,https://id.wikipedia.org/wiki/Daftar_candi_di_Indonesia,
Candi Dadi,unknown,unknown,,,Wikipedia (id): Daftar_candi_di_Indonesia,,no_coords,,List item from https://id.wikipedia.org/wiki/Daftar_candi_di_Indonesia,https://id.wikipedia.org/wiki/Daftar_candi_di_Indonesia,
Candi Meja,unknown,unknown,,,Wikipedia (id): Daftar_candi_di_Indonesia,,no_coords,,List item from https://id.wikipedia.org/wiki/Daftar_candi_di_Indonesia,https://id.wikipedia.org/wiki/Daftar_candi_di_Indonesia,
Candi Cungkup,unknown,unknown,,,Wikipedia (id): Daftar_candi_di_Indonesia,,no_coords,,List item from https://id.wikipedia.org/wiki/Daftar_candi_di_Indonesia,https://id.wikipedia.org/wiki/Daftar_candi_di_Indonesia,
Candi Selomangleng,unknown,unknown,,,Wikipedia (id): Daftar_candi_di_Indonesia,,no_coords,,List item from https://id.wikipedia.org/wiki/Daftar_candi_di_Indonesia,https://id.wikipedia.org/wiki/Daftar_candi_di_Indonesia,
Candi Penampihan,unknown,unknown,,,Wikipedia (id): Daftar_candi_di_Indonesia,,no_coords,,List item from https://id.wikipedia.org/wiki/Daftar_candi_di_Indonesia,https://id.wikipedia.org/wiki/Daftar_candi_di_Indonesia,
Candi Mirigambar,unknown,unknown,,,Wikipedia (id): Daftar_candi_di_Indonesia,,no_coords,,List item from https://id.wikipedia.org/wiki/Daftar_candi_di_Indonesia,https://id.wikipedia.org/wiki/Daftar_candi_di_Indonesia,
Candi Ngampel,unknown,unknown,,,Wikipedia (id): Daftar_candi_di_Indonesia,,no_coords,,List item from https://id.wikipedia.org/wiki/Daftar_candi_di_Indonesia,https://id.wikipedia.org/wiki/Daftar_candi_di_Indonesia,
Candi Ngampel,unknown,unknown,,,Wikipedia (id): Daftar_candi_di_Indonesia,,no_coords,,List item from https://id.wikipedia.org/wiki/Daftar_candi_di_Indonesia,https://id.wikipedia.org/wiki/Daftar_candi_di_Indonesia,
Candi Brongkah,unknown,unknown,,,Wikipedia (id): Daftar_candi_di_Indonesia,,no_coords,,List item from https://id.wikipedia.org/wiki/Daftar_candi_di_Indonesia,https://id.wikipedia.org/wiki/Daftar_candi_di_Indonesia,
Candi Sadon,unknown,unknown,,,Wikipedia (id): Daftar_candi_di_Indonesia,,no_coords,,List item from https://id.wikipedia.org/wiki/Daftar_candi_di_Indonesia,https://id.wikipedia.org/wiki/Daftar_candi_di_Indonesia,
Candi Dewi Sri,unknown,unknown,,,Wikipedia (id): Daftar_candi_di_Indonesia,,no_coords,,List item from https://id.wikipedia.org/wiki/Daftar_candi_di_Indonesia,https://id.wikipedia.org/wiki/Daftar_candi_di_Indonesia,
Candi Pari,unknown,unknown,,,Wikipedia (id): Daftar_candi_di_Indonesia,,no_coords,,List item from https://id.wikipedia.org/wiki/Daftar_candi_di_Indonesia,https://id.wikipedia.org/wiki/Daftar_candi_di_Indonesia,
Candi Sumur,unknown,unknown,,,Wikipedia (id): Daftar_candi_di_Indonesia,,no_coords,,List item from https://id.wikipedia.org/wiki/Daftar_candi_di_Indonesia,https://id.wikipedia.org/wiki/Daftar_candi_di_Indonesia,
Candi Medalem,unknown,unknown,,,Wikipedia (id): Daftar_candi_di_Indonesia,,no_coords,,List item from https://id.wikipedia.org/wiki/Daftar_candi_di_Indonesia,https://id.wikipedia.org/wiki/Daftar_candi_di_Indonesia,
Candi Wangkal,unknown,unknown,,,Wikipedia (id): Daftar_candi_di_Indonesia,,no_coords,,List item from https://id.wikipedia.org/wiki/Daftar_candi_di_Indonesia,https://id.wikipedia.org/wiki/Daftar_candi_di_Indonesia,
Candi Pamotan I dan II,unknown,unknown,,,Wikipedia (id): Daftar_candi_di_Indonesia,,no_coords,,List item from https://id.wikipedia.org/wiki/Daftar_candi_di_Indonesia,https://id.wikipedia.org/wiki/Daftar_candi_di_Indonesia,
Candi Dermo,unknown,unknown,,,Wikipedia (id): Daftar_candi_di_Indonesia,,no_coords,,List item from https://id.wikipedia.org/wiki/Daftar_candi_di_Indonesia,https://id.wikipedia.org/wiki/Daftar_candi_di_Indonesia,
Candi Tawangalun,unknown,unknown,,,Wikipedia (id): Daftar_candi_di_Indonesia,,no_coords,,List item from https://id.wikipedia.org/wiki/Daftar_candi_di_Indonesia,https://id.wikipedia.org/wiki/Daftar_candi_di_Indonesia,
Candi Gedhong Putri,unknown,unknown,,,Wikipedia (id): Daftar_candi_di_Indonesia,,no_coords,,List item from https://id.wikipedia.org/wiki/Daftar_candi_di_Indonesia,https://id.wikipedia.org/wiki/Daftar_candi_di_Indonesia,
Candi Gelisah,unknown,unknown,,,Wikipedia (id): Daftar_candi_di_Indonesia,,no_coords,,List item from https://id.wikipedia.org/wiki/Daftar_candi_di_Indonesia,https://id.wikipedia.org/wiki/Daftar_candi_di_Indonesia,
Candi Kunir,unknown,unknown,,,Wikipedia (id): Daftar_candi_di_Indonesia,,no_coords,,List item from https://id.wikipedia.org/wiki/Daftar_candi_di_Indonesia,https://id.wikipedia.org/wiki/Daftar_candi_di_Indonesia,
Situs Candi Burung,unknown,unknown,,,Wikipedia (id): Daftar_candi_di_Indonesia,,no_coords,,List item from https://id.wikipedia.org/wiki/Daftar_candi_di_Indonesia,https://id.wikipedia.org/wiki/Daftar_candi_di_Indonesia,
Candi Deres,unknown,unknown,,,Wikipedia (id): Daftar_candi_di_Indonesia,,no_coords,,List item from https://id.wikipedia.org/wiki/Daftar_candi_di_Indonesia,https://id.wikipedia.org/wiki/Daftar_candi_di_Indonesia,
Situs Altar Raja Dharmawangsa,unknown,unknown,,,Wikipedia (id): Daftar_candi_di_Indonesia,,no_coords,,List item from https://id.wikipedia.org/wiki/Daftar_candi_di_Indonesia,https://id.wikipedia.org/wiki/Daftar_candi_di_Indonesia,
Situs Kayangan Api,unknown,unknown,,,Wikipedia (id): Daftar_candi_di_Indonesia,,no_coords,,List item from https://id.wikipedia.org/wiki/Daftar_candi_di_Indonesia,https://id.wikipedia.org/wiki/Daftar_candi_di_Indonesia,
Candi Kepuh Klagen,unknown,unknown,,,Wikipedia (id): Daftar_candi_di_Indonesia,,no_coords,,List item from https://id.wikipedia.org/wiki/Daftar_candi_di_Indonesia,https://id.wikipedia.org/wiki/Daftar_candi_di_Indonesia,
Candi Wonorejo,unknown,unknown,,,Wikipedia (id): Daftar_candi_di_Indonesia,,no_coords,,List item from https://id.wikipedia.org/wiki/Daftar_candi_di_Indonesia,https://id.wikipedia.org/wiki/Daftar_candi_di_Indonesia,
Candi Pendem Ngawi,unknown,unknown,,,Wikipedia (id): Daftar_candi_di_Indonesia,,no_coords,,List item from https://id.wikipedia.org/wiki/Daftar_candi_di_Indonesia,https://id.wikipedia.org/wiki/Daftar_candi_di_Indonesia,
Candi Kalibukbuk,unknown,unknown,,,Wikipedia (id): Daftar_candi_di_Indonesia,,no_coords,,List item from https://id.wikipedia.org/wiki/Daftar_candi_di_Indonesia,https://id.wikipedia.org/wiki/Daftar_candi_di_Indonesia,
Candi Gunung Kawi,unknown,unknown,,,Wikipedia (id): Daftar_candi_di_Indonesia,,no_coords,,List item from https://id.wikipedia.org/wiki/Daftar_candi_di_Indonesia,https://id.wikipedia.org/wiki/Daftar_candi_di_Indonesia,
Situs Goa Gajah,unknown,unknown,,,Wikipedia (id): Daftar_candi_di_Indonesia,,no_coords,,List item from https://id.wikipedia.org/wiki/Daftar_candi_di_Indonesia,https://id.wikipedia.org/wiki/Daftar_candi_di_Indonesia,
Candi Agung,unknown,unknown,,,Wikipedia (id): Daftar_candi_di_Indonesia,,no_coords,,List item from https://id.wikipedia.org/wiki/Daftar_candi_di_Indonesia,https://id.wikipedia.org/wiki/Daftar_candi_di_Indonesia,
Candi Laras,unknown,unknown,,,Wikipedia (id): Daftar_candi_di_Indonesia,,no_coords,,List item from https://id.wikipedia.org/wiki/Daftar_candi_di_Indonesia,https://id.wikipedia.org/wiki/Daftar_candi_di_Indonesia,
Situs Pematang Bata,unknown,unknown,,,Wikipedia (id): Daftar_candi_di_Indonesia,,no_coords,,List item from https://id.wikipedia.org/wiki/Daftar_candi_di_Indonesia,https://id.wikipedia.org/wiki/Daftar_candi_di_Indonesia,
Candi Tanjungpura,unknown,unknown,,,Wikipedia (id): Daftar_candi_di_Indonesia,,no_coords,,List item from https://id.wikipedia.org/wiki/Daftar_candi_di_Indonesia,https://id.wikipedia.org/wiki/Daftar_candi_di_Indonesia,
Arca Buddha Kota Bangun,unknown,unknown,,,Wikipedia (id): Daftar_candi_di_Indonesia,,no_coords,,List item from https://id.wikipedia.org/wiki/Daftar_candi_di_Indonesia,https://id.wikipedia.org/wiki/Daftar_candi_di_Indonesia,
Situs Goa Gunung Kombeng,unknown,unknown,,,Wikipedia (id): Daftar_candi_di_Indonesia,,no_coords,,List item from https://id.wikipedia.org/wiki/Daftar_candi_di_Indonesia,https://id.wikipedia.org/wiki/Daftar_candi_di_Indonesia,
Kompleks Candi Dieng,unknown,unknown,,,Wikipedia (id): Daftar_candi_di_Indonesia,,no_coords,,List item from https://id.wikipedia.org/wiki/Daftar_candi_di_Indonesia,https://id.wikipedia.org/wiki/Daftar_candi_di_Indonesia,
Situs di kaki Gunung Penanggungan,unknown,unknown,,,Wikipedia (id): Daftar_candi_di_Indonesia,,no_coords,,List item from https://id.wikipedia.org/wiki/Daftar_candi_di_Indonesia,https://id.wikipedia.org/wiki/Daftar_candi_di_Indonesia,
Pura Bukit Dharma Durga Kutri,unknown,unknown,,,Wikipedia (id): Daftar_candi_di_Indonesia,,no_coords,,List item from https://id.wikipedia.org/wiki/Daftar_candi_di_Indonesia,https://id.wikipedia.org/wiki/Daftar_candi_di_Indonesia,
Pura Tulukbiyu,unknown,unknown,,,Wikipedia (id): Daftar_candi_di_Indonesia,,no_coords,,List item from https://id.wikipedia.org/wiki/Daftar_candi_di_Indonesia,https://id.wikipedia.org/wiki/Daftar_candi_di_Indonesia,
Candi di Indonesia,unknown,unknown,,,Wikipedia (id): Daftar_candi_di_Indonesia,,no_coords,,List item from https://id.wikipedia.org/wiki/Daftar_candi_di_Indonesia,https://id.wikipedia.org/wiki/Daftar_candi_di_Indonesia,
Situs arkeologi di Indonesia,unknown,unknown,,,Wikipedia (id): Daftar_candi_di_Indonesia,,no_coords,,List item from https://id.wikipedia.org/wiki/Daftar_candi_di_Indonesia,https://id.wikipedia.org/wiki/Daftar_candi_di_Indonesia,
2Candi,unknown,unknown,,,Wikipedia (en): List_of_Hindu_temples_in_Indonesia,,no_coords,,List item from https://en.wikipedia.org/wiki/List_of_Hindu_temples_in_Indonesia,https://en.wikipedia.org/wiki/List_of_Hindu_temples_in_Indonesia,
3Pura,unknown,unknown,,,Wikipedia (en): List_of_Hindu_temples_in_Indonesia,,no_coords,,List item from https://en.wikipedia.org/wiki/List_of_Hindu_temples_in_Indonesia,https://en.wikipedia.org/wiki/List_of_Hindu_temples_in_Indonesia,
5Indonesian Hindu Temples outside the country,unknown,unknown,,,Wikipedia (en): List_of_Hindu_temples_in_Indonesia,,no_coords,,List item from https://en.wikipedia.org/wiki/List_of_Hindu_temples_in_Indonesia,https://en.wikipedia.org/wiki/List_of_Hindu_temples_in_Indonesia,
Candi,unknown,unknown,,,Wikipedia (en): List_of_Hindu_temples_in_Indonesia,,no_coords,,List item from https://en.wikipedia.org/wiki/List_of_Hindu_temples_in_Indonesia,https://en.wikipedia.org/wiki/List_of_Hindu_temples_in_Indonesia,
Pura,unknown,unknown,,,Wikipedia (en): List_of_Hindu_temples_in_Indonesia,,no_coords,,List item from https://en.wikipedia.org/wiki/List_of_Hindu_temples_in_Indonesia,https://en.wikipedia.org/wiki/List_of_Hindu_temples_in_Indonesia,
Candi Prambanan,unknown,unknown,,,Wikipedia (en): List_of_Hindu_temples_in_Indonesia,,no_coords,,List item from https://en.wikipedia.org/wiki/List_of_Hindu_temples_in_Indonesia,https://en.wikipedia.org/wiki/List_of_Hindu_temples_in_Indonesia,
Candi Ijo,unknown,unknown,,,Wikipedia (en): List_of_Hindu_temples_in_Indonesia,,no_coords,,List item from https://en.wikipedia.org/wiki/List_of_Hindu_temples_in_Indonesia,https://en.wikipedia.org/wiki/List_of_Hindu_temples_in_Indonesia,
Candi Barong,unknown,unknown,,,Wikipedia (en): List_of_Hindu_temples_in_Indonesia,,no_coords,,List item from https://en.wikipedia.org/wiki/List_of_Hindu_temples_in_Indonesia,https://en.wikipedia.org/wiki/List_of_Hindu_temples_in_Indonesia,
Candi Sambisari,unknown,unknown,,,Wikipedia (en): List_of_Hindu_temples_in_Indonesia,,no_coords,,List item from https://en.wikipedia.org/wiki/List_of_Hindu_temples_in_Indonesia,https://en.wikipedia.org/wiki/List_of_Hindu_temples_in_Indonesia,
Candi Kedulan,unknown,unknown,,,Wikipedia (en): List_of_Hindu_temples_in_Indonesia,,no_coords,,List item from https://en.wikipedia.org/wiki/List_of_Hindu_temples_in_Indonesia,https://en.wikipedia.org/wiki/List_of_Hindu_temples_in_Indonesia,
Candi Gebang,unknown,unknown,,,Wikipedia (en): List_of_Hindu_temples_in_Indonesia,,no_coords,,List item from https://en.wikipedia.org/wiki/List_of_Hindu_temples_in_Indonesia,https://en.wikipedia.org/wiki/List_of_Hindu_temples_in_Indonesia,
Candi Kimpulan,unknown,unknown,,,Wikipedia (en): List_of_Hindu_temples_in_Indonesia,,no_coords,,List item from https://en.wikipedia.org/wiki/List_of_Hindu_temples_in_Indonesia,https://en.wikipedia.org/wiki/List_of_Hindu_temples_in_Indonesia,
Candi Gedong Songo,unknown,unknown,,,Wikipedia (en): List_of_Hindu_temples_in_Indonesia,,no_coords,,List item from https://en.wikipedia.org/wiki/List_of_Hindu_temples_in_Indonesia,https://en.wikipedia.org/wiki/List_of_Hindu_temples_in_Indonesia,
Candi Gunung Wukir,unknown,unknown,,,Wikipedia (en): List_of_Hindu_temples_in_Indonesia,,no_coords,,List item from https://en.wikipedia.org/wiki/List_of_Hindu_temples_in_Indonesia,https://en.wikipedia.org/wiki/List_of_Hindu_temples_in_Indonesia,
Candi Merak,unknown,unknown,,,Wikipedia (en): List_of_Hindu_temples_in_Indonesia,,no_coords,,List item from https://en.wikipedia.org/wiki/List_of_Hindu_temples_in_Indonesia,https://en.wikipedia.org/wiki/List_of_Hindu_temples_in_Indonesia,
Candi Dieng,unknown,unknown,,,Wikipedia (en): List_of_Hindu_temples_in_Indonesia,,no_coords,,List item from https://en.wikipedia.org/wiki/List_of_Hindu_temples_in_Indonesia,https://en.wikipedia.org/wiki/List_of_Hindu_temples_in_Indonesia,
Candi Sukuh,unknown,unknown,,,Wikipedia (en): List_of_Hindu_temples_in_Indonesia,,no_coords,,List item from https://en.wikipedia.org/wiki/List_of_Hindu_temples_in_Indonesia,https://en.wikipedia.org/wiki/List_of_Hindu_temples_in_Indonesia,
Candi Cetho,unknown,unknown,,,Wikipedia (en): List_of_Hindu_temples_in_Indonesia,,no_coords,,List item from https://en.wikipedia.org/wiki/List_of_Hindu_temples_in_Indonesia,https://en.wikipedia.org/wiki/List_of_Hindu_temples_in_Indonesia,
Candi Penataran,unknown,unknown,,,Wikipedia (en): List_of_Hindu_temples_in_Indonesia,,no_coords,,List item from https://en.wikipedia.org/wiki/List_of_Hindu_temples_in_Indonesia,https://en.wikipedia.org/wiki/List_of_Hindu_temples_in_Indonesia,
Candi Jawi,unknown,unknown,,,Wikipedia (en): List_of_Hindu_temples_in_Indonesia,,no_coords,,List item from https://en.wikipedia.org/wiki/List_of_Hindu_temples_in_Indonesia,https://en.wikipedia.org/wiki/List_of_Hindu_temples_in_Indonesia,
Candi Kidal,unknown,unknown,,,Wikipedia (en): List_of_Hindu_temples_in_Indonesia,,no_coords,,List item from https://en.wikipedia.org/wiki/List_of_Hindu_temples_in_Indonesia,https://en.wikipedia.org/wiki/List_of_Hindu_temples_in_Indonesia,
Candi Singhasari,unknown,unknown,,,Wikipedia (en): List_of_Hindu_temples_in_Indonesia,,no_coords,,List item from https://en.wikipedia.org/wiki/List_of_Hindu_temples_in_Indonesia,https://en.wikipedia.org/wiki/List_of_Hindu_temples_in_Indonesia,
Candi Surawana,unknown,unknown,,,Wikipedia (en): List_of_Hindu_temples_in_Indonesia,,no_coords,,List item from https://en.wikipedia.org/wiki/List_of_Hindu_temples_in_Indonesia,https://en.wikipedia.org/wiki/List_of_Hindu_temples_in_Indonesia,
Candi Jago,unknown,unknown,,,Wikipedia (en): List_of_Hindu_temples_in_Indonesia,,no_coords,,List item from https://en.wikipedia.org/wiki/List_of_Hindu_temples_in_Indonesia,https://en.wikipedia.org/wiki/List_of_Hindu_temples_in_Indonesia,
Candi Bajang Ratu,unknown,unknown,,,Wikipedia (en): List_of_Hindu_temples_in_Indonesia,,no_coords,,List item from https://en.wikipedia.org/wiki/List_of_Hindu_temples_in_Indonesia,https://en.wikipedia.org/wiki/List_of_Hindu_temples_in_Indonesia,
Candi Cangkuang,unknown,unknown,,,Wikipedia (en): List_of_Hindu_temples_in_Indonesia,,no_coords,,List item from https://en.wikipedia.org/wiki/List_of_Hindu_temples_in_Indonesia,https://en.wikipedia.org/wiki/List_of_Hindu_temples_in_Indonesia,
Candi Bojongmenje,unknown,unknown,,,Wikipedia (en): List_of_Hindu_temples_in_Indonesia,,no_coords,,List item from https://en.wikipedia.org/wiki/List_of_Hindu_temples_in_Indonesia,https://en.wikipedia.org/wiki/List_of_Hindu_temples_in_Indonesia,
Candi Gunung Kawi,unknown,unknown,,,Wikipedia (en): List_of_Hindu_temples_in_Indonesia,,no_coords,,List item from https://en.wikipedia.org/wiki/List_of_Hindu_temples_in_Indonesia,https://en.wikipedia.org/wiki/List_of_Hindu_temples_in_Indonesia,
Pura Besakih,unknown,unknown,,,Wikipedia (en): List_of_Hindu_temples_in_Indonesia,,no_coords,,List item from https://en.wikipedia.org/wiki/List_of_Hindu_temples_in_Indonesia,https://en.wikipedia.org/wiki/List_of_Hindu_temples_in_Indonesia,
Pura Ulun Danu Bratan,unknown,unknown,,,Wikipedia (en): List_of_Hindu_temples_in_Indonesia,,no_coords,,List item from https://en.wikipedia.org/wiki/List_of_Hindu_temples_in_Indonesia,https://en.wikipedia.org/wiki/List_of_Hindu_temples_in_Indonesia,
Pura Luhur Ulu Watu,unknown,unknown,,,Wikipedia (en): List_of_Hindu_temples_in_Indonesia,,no_coords,,List item from https://en.wikipedia.org/wiki/List_of_Hindu_temples_in_Indonesia,https://en.wikipedia.org/wiki/List_of_Hindu_temples_in_Indonesia,
Pura Kehen,unknown,unknown,,,Wikipedia (en): List_of_Hindu_temples_in_Indonesia,,no_coords,,List item from https://en.wikipedia.org/wiki/List_of_Hindu_temples_in_Indonesia,https://en.wikipedia.org/wiki/List_of_Hindu_temples_in_Indonesia,
Pura Ulun Danu Batur,unknown,unknown,,,Wikipedia (en): List_of_Hindu_temples_in_Indonesia,,no_coords,,List item from https://en.wikipedia.org/wiki/List_of_Hindu_temples_in_Indonesia,https://en.wikipedia.org/wiki/List_of_Hindu_temples_in_Indonesia,
Pura Pancering Jagat,unknown,unknown,,,Wikipedia (en): List_of_Hindu_temples_in_Indonesia,,no_coords,,List item from https://en.wikipedia.org/wiki/List_of_Hindu_temples_in_Indonesia,https://en.wikipedia.org/wiki/List_of_Hindu_temples_in_Indonesia,
Pura Jagadnatha,unknown,unknown,,,Wikipedia (en): List_of_Hindu_temples_in_Indonesia,,no_coords,,List item from https://en.wikipedia.org/wiki/List_of_Hindu_temples_in_Indonesia,https://en.wikipedia.org/wiki/List_of_Hindu_temples_in_Indonesia,
Pura Maospahit,unknown,unknown,,,Wikipedia (en): List_of_Hindu_temples_in_Indonesia,,no_coords,,List item from https://en.wikipedia.org/wiki/List_of_Hindu_temples_in_Indonesia,https://en.wikipedia.org/wiki/List_of_Hindu_temples_in_Indonesia,
Pura Goa Lawah,unknown,unknown,,,Wikipedia (en): List_of_Hindu_temples_in_Indonesia,,no_coords,,List item from https://en.wikipedia.org/wiki/List_of_Hindu_temples_in_Indonesia,https://en.wikipedia.org/wiki/List_of_Hindu_temples_in_Indonesia,
Pura Tirtha Empul,unknown,unknown,,,Wikipedia (en): List_of_Hindu_temples_in_Indonesia,,no_coords,,List item from https://en.wikipedia.org/wiki/List_of_Hindu_temples_in_Indonesia,https://en.wikipedia.org/wiki/List_of_Hindu_temples_in_Indonesia,
Pura Taman Ayun,unknown,unknown,,,Wikipedia (en): List_of_Hindu_temples_in_Indonesia,,no_coords,,List item from https://en.wikipedia.org/wiki/List_of_Hindu_temples_in_Indonesia,https://en.wikipedia.org/wiki/List_of_Hindu_temples_in_Indonesia,
Pura Taman Saraswati,unknown,unknown,,,Wikipedia (en): List_of_Hindu_temples_in_Indonesia,,no_coords,,List item from https://en.wikipedia.org/wiki/List_of_Hindu_temples_in_Indonesia,https://en.wikipedia.org/wiki/List_of_Hindu_temples_in_Indonesia,
Pura Penataran Sasih,unknown,unknown,,,Wikipedia (en): List_of_Hindu_temples_in_Indonesia,,no_coords,,List item from https://en.wikipedia.org/wiki/List_of_Hindu_temples_in_Indonesia,https://en.wikipedia.org/wiki/List_of_Hindu_temples_in_Indonesia,
Pura Griya Sakti Manuaba,unknown,unknown,,,Wikipedia (en): List_of_Hindu_temples_in_Indonesia,,no_coords,,List item from https://en.wikipedia.org/wiki/List_of_Hindu_temples_in_Indonesia,https://en.wikipedia.org/wiki/List_of_Hindu_temples_in_Indonesia,
Pura Lingsar,unknown,unknown,,,Wikipedia (en): List_of_Hindu_temples_in_Indonesia,,no_coords,,List item from https://en.wikipedia.org/wiki/List_of_Hindu_temples_in_Indonesia,https://en.wikipedia.org/wiki/List_of_Hindu_temples_in_Indonesia,
Pura Parahyangan Agung Jagatkarta,unknown,unknown,,,Wikipedia (en): List_of_Hindu_temples_in_Indonesia,,no_coords,,List item from https://en.wikipedia.org/wiki/List_of_Hindu_temples_in_Indonesia,https://en.wikipedia.org/wiki/List_of_Hindu_temples_in_Indonesia,
Sri Mariamman Temple,unknown,unknown,,,Wikipedia (en): List_of_Hindu_temples_in_Indonesia,,no_coords,,List item from https://en.wikipedia.org/wiki/List_of_Hindu_temples_in_Indonesia,https://en.wikipedia.org/wiki/List_of_Hindu_temples_in_Indonesia,
Pura Girinatha,unknown,unknown,,,Wikipedia (en): List_of_Hindu_temples_in_Indonesia,,no_coords,,List item from https://en.wikipedia.org/wiki/List_of_Hindu_temples_in_Indonesia,https://en.wikipedia.org/wiki/List_of_Hindu_temples_in_Indonesia,
Pura Tri Hita Karana,unknown,unknown,,,Wikipedia (en): List_of_Hindu_temples_in_Indonesia,,no_coords,,List item from https://en.wikipedia.org/wiki/List_of_Hindu_temples_in_Indonesia,https://en.wikipedia.org/wiki/List_of_Hindu_temples_in_Indonesia,
Candi of Indonesia,unknown,unknown,,,Wikipedia (en): List_of_Hindu_temples_in_Indonesia,,no_coords,,List item from https://en.wikipedia.org/wiki/List_of_Hindu_temples_in_Indonesia,https://en.wikipedia.org/wiki/List_of_Hindu_temples_in_Indonesia,
List of Buddhist temples,unknown,unknown,,,Wikipedia (en): List_of_Hindu_temples_in_Indonesia,,no_coords,,List item from https://en.wikipedia.org/wiki/List_of_Hindu_temples_in_Indonesia,https://en.wikipedia.org/wiki/List_of_Hindu_temples_in_Indonesia,
Lists of Hindu temples,unknown,unknown,,,Wikipedia (en): List_of_Hindu_temples_in_Indonesia,,no_coords,,List item from https://en.wikipedia.org/wiki/List_of_Hindu_temples_in_Indonesia,https://en.wikipedia.org/wiki/List_of_Hindu_temples_in_Indonesia,
Pura Beji Sangsit,unknown,unknown,,,Wikipedia (en): List_of_Hindu_temples_in_Indonesia,,no_coords,,List item from https://en.wikipedia.org/wiki/List_of_Hindu_temples_in_Indonesia,https://en.wikipedia.org/wiki/List_of_Hindu_temples_in_Indonesia,
Pura Besakih,unknown,unknown,,,Wikipedia (en): List_of_Hindu_temples_in_Indonesia,,no_coords,,List item from https://en.wikipedia.org/wiki/List_of_Hindu_temples_in_Indonesia,https://en.wikipedia.org/wiki/List_of_Hindu_temples_in_Indonesia,
Pura Dalem Agung Padangtegal,unknown,unknown,,,Wikipedia (en): List_of_Hindu_temples_in_Indonesia,,no_coords,,List item from https://en.wikipedia.org/wiki/List_of_Hindu_temples_in_Indonesia,https://en.wikipedia.org/wiki/List_of_Hindu_temples_in_Indonesia,
Pura Dalem Segara Madhu,unknown,unknown,,,Wikipedia (en): List_of_Hindu_temples_in_Indonesia,,no_coords,,List item from https://en.wikipedia.org/wiki/List_of_Hindu_temples_in_Indonesia,https://en.wikipedia.org/wiki/List_of_Hindu_temples_in_Indonesia,
Pura Gede Perancak,unknown,unknown,,,Wikipedia (en): List_of_Hindu_temples_in_Indonesia,,no_coords,,List item from https://en.wikipedia.org/wiki/List_of_Hindu_temples_in_Indonesia,https://en.wikipedia.org/wiki/List_of_Hindu_temples_in_Indonesia,
Pura Goa Lawah,unknown,unknown,,,Wikipedia (en): List_of_Hindu_temples_in_Indonesia,,no_coords,,List item from https://en.wikipedia.org/wiki/List_of_Hindu_temples_in_Indonesia,https://en.wikipedia.org/wiki/List_of_Hindu_temples_in_Indonesia,
Pura Kehen,unknown,unknown,,,Wikipedia (en): List_of_Hindu_temples_in_Indonesia,,no_coords,,List item from https://en.wikipedia.org/wiki/List_of_Hindu_temples_in_Indonesia,https://en.wikipedia.org/wiki/List_of_Hindu_temples_in_Indonesia,
Pura Lempuyang Luhur,unknown,unknown,,,Wikipedia (en): List_of_Hindu_temples_in_Indonesia,,no_coords,,List item from https://en.wikipedia.org/wiki/List_of_Hindu_temples_in_Indonesia,https://en.wikipedia.org/wiki/List_of_Hindu_temples_in_Indonesia,
Pura Luhur Batukaru,unknown,unknown,,,Wikipedia (en): List_of_Hindu_temples_in_Indonesia,,no_coords,,List item from https://en.wikipedia.org/wiki/List_of_Hindu_temples_in_Indonesia,https://en.wikipedia.org/wiki/List_of_Hindu_temples_in_Indonesia,
Pura Maospahit,unknown,unknown,,,Wikipedia (en): List_of_Hindu_temples_in_Indonesia,,no_coords,,List item from https://en.wikipedia.org/wiki/List_of_Hindu_temples_in_Indonesia,https://en.wikipedia.org/wiki/List_of_Hindu_temples_in_Indonesia,
Pura Meduwe Karang,unknown,unknown,,,Wikipedia (en): List_of_Hindu_temples_in_Indonesia,,no_coords,,List item from https://en.wikipedia.org/wiki/List_of_Hindu_temples_in_Indonesia,https://en.wikipedia.org/wiki/List_of_Hindu_temples_in_Indonesia,
Pura Parahyangan Agung Jagatkarta,unknown,unknown,,,Wikipedia (en): List_of_Hindu_temples_in_Indonesia,,no_coords,,List item from https://en.wikipedia.org/wiki/List_of_Hindu_temples_in_Indonesia,https://en.wikipedia.org/wiki/List_of_Hindu_temples_in_Indonesia,
Pura Rambut Siwi,unknown,unknown,,,Wikipedia (en): List_of_Hindu_temples_in_Indonesia,,no_coords,,List item from https://en.wikipedia.org/wiki/List_of_Hindu_temples_in_Indonesia,https://en.wikipedia.org/wiki/List_of_Hindu_temples_in_Indonesia,
Pura Taman Ayun,unknown,unknown,,,Wikipedia (en): List_of_Hindu_temples_in_Indonesia,,no_coords,,List item from https://en.wikipedia.org/wiki/List_of_Hindu_temples_in_Indonesia,https://en.wikipedia.org/wiki/List_of_Hindu_temples_in_Indonesia,
Pura Tanah Lot,unknown,unknown,,,Wikipedia (en): List_of_Hindu_temples_in_Indonesia,,no_coords,,List item from https://en.wikipedia.org/wiki/List_of_Hindu_temples_in_Indonesia,https://en.wikipedia.org/wiki/List_of_Hindu_temples_in_Indonesia,
Pura Tirta Empul,unknown,unknown,,,Wikipedia (en): List_of_Hindu_temples_in_Indonesia,,no_coords,,List item from https://en.wikipedia.org/wiki/List_of_Hindu_temples_in_Indonesia,https://en.wikipedia.org/wiki/List_of_Hindu_temples_in_Indonesia,
Pura Ulun Danu Batur,unknown,unknown,,,Wikipedia (en): List_of_Hindu_temples_in_Indonesia,,no_coords,,List item from https://en.wikipedia.org/wiki/List_of_Hindu_temples_in_Indonesia,https://en.wikipedia.org/wiki/List_of_Hindu_temples_in_Indonesia,
Pura Ulun Danu Bratan,unknown,unknown,,,Wikipedia (en): List_of_Hindu_temples_in_Indonesia,,no_coords,,List item from https://en.wikipedia.org/wiki/List_of_Hindu_temples_in_Indonesia,https://en.wikipedia.org/wiki/List_of_Hindu_temples_in_Indonesia,
Pura Uluwatu,unknown,unknown,,,Wikipedia (en): List_of_Hindu_temples_in_Indonesia,,no_coords,,List item from https://en.wikipedia.org/wiki/List_of_Hindu_temples_in_Indonesia,https://en.wikipedia.org/wiki/List_of_Hindu_temples_in_Indonesia,
Sri Mariamman Temple,unknown,unknown,,,Wikipedia (en): List_of_Hindu_temples_in_Indonesia,,no_coords,,List item from https://en.wikipedia.org/wiki/List_of_Hindu_temples_in_Indonesia,https://en.wikipedia.org/wiki/List_of_Hindu_temples_in_Indonesia,
Sree Soepramaniem Nagarattar Temple,unknown,unknown,,,Wikipedia (en): List_of_Hindu_temples_in_Indonesia,,no_coords,,List item from https://en.wikipedia.org/wiki/List_of_Hindu_temples_in_Indonesia,https://en.wikipedia.org/wiki/List_of_Hindu_temples_in_Indonesia,
Palani Andawer Temple,unknown,unknown,,,Wikipedia (en): List_of_Hindu_temples_in_Indonesia,,no_coords,,List item from https://en.wikipedia.org/wiki/List_of_Hindu_temples_in_Indonesia,https://en.wikipedia.org/wiki/List_of_Hindu_temples_in_Indonesia,
Lists of Hindu temples by country,unknown,unknown,,,Wikipedia (en): List_of_Hindu_temples_in_Indonesia,,no_coords,,List item from https://en.wikipedia.org/wiki/List_of_Hindu_temples_in_Indonesia,https://en.wikipedia.org/wiki/List_of_Hindu_temples_in_Indonesia,
Hindu temples in Indonesia,unknown,unknown,,,Wikipedia (en): List_of_Hindu_temples_in_Indonesia,,no_coords,,List item from https://en.wikipedia.org/wiki/List_of_Hindu_temples_in_Indonesia,https://en.wikipedia.org/wiki/List_of_Hindu_temples_in_Indonesia,
